{
  "copyright" : {
    "count" : 1,
    "tf" : 0.0035971223021582736
  },
  "select" : {
    "count" : 1,
    "tf" : 0.0035971223021582736
  },
  "popularli" : {
    "count" : 1,
    "tf" : 0.0035971223021582736
  },
  "maintain" : {
    "count" : 1,
    "tf" : 0.0035971223021582736
  },
  "three" : {
    "count" : 1,
    "tf" : 0.0035971223021582736
  },
  "ajax" : {
    "count" : 1,
    "tf" : 0.0035971223021582736
  },
  "concern" : {
    "count" : 1,
    "tf" : 0.0035971223021582736
  },
  "veri" : {
    "count" : 1,
    "tf" : 0.0035971223021582736
  },
  "bas" : {
    "count" : 2,
    "tf" : 0.007194244604316547
  },
  "displai" : {
    "count" : 1,
    "tf" : 0.0035971223021582736
  },
  "model" : {
    "count" : 9,
    "tf" : 0.03237410071942446
  },
  "technologi" : {
    "count" : 1,
    "tf" : 0.0035971223021582736
  },
  "state" : {
    "count" : 1,
    "tf" : 0.0035971223021582736
  },
  "decis" : {
    "count" : 1,
    "tf" : 0.0035971223021582736
  },
  "between" : {
    "count" : 1,
    "tf" : 0.0035971223021582736
  },
  "they" : {
    "count" : 1,
    "tf" : 0.0035971223021582736
  },
  "applic" : {
    "count" : 5,
    "tf" : 0.017985611510791366
  },
  "instruct" : {
    "count" : 1,
    "tf" : 0.0035971223021582736
  },
  "in" : {
    "count" : 2,
    "tf" : 0.007194244604316547
  },
  "made" : {
    "count" : 1,
    "tf" : 0.0035971223021582736
  },
  "work" : {
    "count" : 1,
    "tf" : 0.0035971223021582736
  },
  "gener" : {
    "count" : 1,
    "tf" : 0.0035971223021582736
  },
  "it" : {
    "count" : 7,
    "tf" : 0.025179856115107913
  },
  "then" : {
    "count" : 3,
    "tf" : 0.01079136690647482
  },
  "lowest" : {
    "count" : 1,
    "tf" : 0.0035971223021582736
  },
  "manag" : {
    "count" : 1,
    "tf" : 0.0035971223021582736
  },
  "easy" : {
    "count" : 1,
    "tf" : 0.0035971223021582736
  },
  "script" : {
    "count" : 1,
    "tf" : 0.0035971223021582736
  },
  "ar" : {
    "count" : 1,
    "tf" : 0.0035971223021582736
  },
  "input" : {
    "count" : 2,
    "tf" : 0.007194244604316547
  },
  "itself" : {
    "count" : 1,
    "tf" : 0.0035971223021582736
  },
  "system" : {
    "count" : 1,
    "tf" : 0.0035971223021582736
  },
  "architectur" : {
    "count" : 1,
    "tf" : 0.0035971223021582736
  },
  "object" : {
    "count" : 1,
    "tf" : 0.0035971223021582736
  },
  "chapter" : {
    "count" : 1,
    "tf" : 0.0035971223021582736
  },
  "be" : {
    "count" : 1,
    "tf" : 0.0035971223021582736
  },
  "jsp" : {
    "count" : 1,
    "tf" : 0.0035971223021582736
  },
  "portion" : {
    "count" : 1,
    "tf" : 0.0035971223021582736
  },
  "pattern" : {
    "count" : 3,
    "tf" : 0.01079136690647482
  },
  "layer" : {
    "count" : 1,
    "tf" : 0.0035971223021582736
  },
  "valid" : {
    "count" : 1,
    "tf" : 0.0035971223021582736
  },
  "how" : {
    "count" : 1,
    "tf" : 0.0035971223021582736
  },
  "search" : {
    "count" : 1,
    "tf" : 0.0035971223021582736
  },
  "see" : {
    "count" : 1,
    "tf" : 0.0035971223021582736
  },
  "interfac" : {
    "count" : 1,
    "tf" : 0.0035971223021582736
  },
  "web" : {
    "count" : 1,
    "tf" : 0.0035971223021582736
  },
  "by" : {
    "count" : 3,
    "tf" : 0.01079136690647482
  },
  "popular" : {
    "count" : 1,
    "tf" : 0.0035971223021582736
  },
  "graphic" : {
    "count" : 1,
    "tf" : 0.0035971223021582736
  },
  "resourc" : {
    "count" : 1,
    "tf" : 0.0035971223021582736
  },
  "a" : {
    "count" : 11,
    "tf" : 0.039568345323741004
  },
  "i" : {
    "count" : 9,
    "tf" : 0.03237410071942446
  },
  "tutori" : {
    "count" : 1,
    "tf" : 0.0035971223021582736
  },
  "abstract" : {
    "count" : 1,
    "tf" : 0.0035971223021582736
  },
  "trigger" : {
    "count" : 1,
    "tf" : 0.0035971223021582736
  },
  "right" : {
    "count" : 1,
    "tf" : 0.0035971223021582736
  },
  "angularj" : {
    "count" : 6,
    "tf" : 0.02158273381294964
  },
  "call" : {
    "count" : 1,
    "tf" : 0.0035971223021582736
  },
  "the" : {
    "count" : 31,
    "tf" : 0.11151079136690648
  },
  "such" : {
    "count" : 1,
    "tf" : 0.0035971223021582736
  },
  "framework" : {
    "count" : 1,
    "tf" : 0.0035971223021582736
  },
  "php" : {
    "count" : 1,
    "tf" : 0.0035971223021582736
  },
  "oper" : {
    "count" : 1,
    "tf" : 0.0035971223021582736
  },
  "to" : {
    "count" : 9,
    "tf" : 0.03237410071942446
  },
  "logic" : {
    "count" : 1,
    "tf" : 0.0035971223021582736
  },
  "asp" : {
    "count" : 1,
    "tf" : 0.0035971223021582736
  },
  "com" : {
    "count" : 1,
    "tf" : 0.0035971223021582736
  },
  "data" : {
    "count" : 9,
    "tf" : 0.03237410071942446
  },
  "receiv" : {
    "count" : 2,
    "tf" : 0.007194244604316547
  },
  "reserv" : {
    "count" : 1,
    "tf" : 0.0035971223021582736
  },
  "prepar" : {
    "count" : 2,
    "tf" : 0.007194244604316547
  },
  "separ" : {
    "count" : 1,
    "tf" : 0.0035971223021582736
  },
  "that" : {
    "count" : 2,
    "tf" : 0.007194244604316547
  },
  "view" : {
    "count" : 8,
    "tf" : 0.02877697841726619
  },
  "from" : {
    "count" : 3,
    "tf" : 0.01079136690647482
  },
  "up" : {
    "count" : 1,
    "tf" : 0.0035971223021582736
  },
  "us" : {
    "count" : 3,
    "tf" : 0.01079136690647482
  },
  "advertis" : {
    "count" : 2,
    "tf" : 0.007194244604316547
  },
  "all" : {
    "count" : 3,
    "tf" : 0.01079136690647482
  },
  "read" : {
    "count" : 1,
    "tf" : 0.0035971223021582736
  },
  "level" : {
    "count" : 1,
    "tf" : 0.0035971223021582736
  },
  "need" : {
    "count" : 1,
    "tf" : 0.0035971223021582736
  },
  "format" : {
    "count" : 1,
    "tf" : 0.0035971223021582736
  },
  "particular" : {
    "count" : 1,
    "tf" : 0.0035971223021582736
  },
  "develop" : {
    "count" : 1,
    "tf" : 0.0035971223021582736
  },
  "templat" : {
    "count" : 1,
    "tf" : 0.0035971223021582736
  },
  "repres" : {
    "count" : 1,
    "tf" : 0.0035971223021582736
  },
  "integr" : {
    "count" : 1,
    "tf" : 0.0035971223021582736
  },
  "isol" : {
    "count" : 1,
    "tf" : 0.0035971223021582736
  },
  "final" : {
    "count" : 1,
    "tf" : 0.0035971223021582736
  },
  "updat" : {
    "count" : 1,
    "tf" : 0.0035971223021582736
  },
  "present" : {
    "count" : 3,
    "tf" : 0.01079136690647482
  },
  "support" : {
    "count" : 1,
    "tf" : 0.0035971223021582736
  },
  "request" : {
    "count" : 2,
    "tf" : 0.007194244604316547
  },
  "code" : {
    "count" : 1,
    "tf" : 0.0035971223021582736
  },
  "part" : {
    "count" : 1,
    "tf" : 0.0035971223021582736
  },
  "becaus" : {
    "count" : 1,
    "tf" : 0.0035971223021582736
  },
  "busi" : {
    "count" : 1,
    "tf" : 0.0035971223021582736
  },
  "for" : {
    "count" : 5,
    "tf" : 0.017985611510791366
  },
  "interact" : {
    "count" : 2,
    "tf" : 0.007194244604316547
  },
  "respons" : {
    "count" : 4,
    "tf" : 0.014388489208633094
  },
  "we" : {
    "count" : 1,
    "tf" : 0.0035971223021582736
  },
  "methodologi" : {
    "count" : 1,
    "tf" : 0.0035971223021582736
  },
  "can" : {
    "count" : 1,
    "tf" : 0.0035971223021582736
  },
  "softwar" : {
    "count" : 2,
    "tf" : 0.007194244604316547
  },
  "and" : {
    "count" : 7,
    "tf" : 0.025179856115107913
  },
  "design" : {
    "count" : 1,
    "tf" : 0.0035971223021582736
  },
  "of" : {
    "count" : 6,
    "tf" : 0.02158273381294964
  },
  "mvc" : {
    "count" : 6,
    "tf" : 0.02158273381294964
  },
  "on" : {
    "count" : 1,
    "tf" : 0.0035971223021582736
  },
  "modifi" : {
    "count" : 1,
    "tf" : 0.0035971223021582736
  },
  "or" : {
    "count" : 2,
    "tf" : 0.007194244604316547
  },
  "will" : {
    "count" : 1,
    "tf" : 0.0035971223021582736
  },
  "perform" : {
    "count" : 2,
    "tf" : 0.007194244604316547
  },
  "control" : {
    "count" : 11,
    "tf" : 0.039568345323741004
  },
  "follow" : {
    "count" : 2,
    "tf" : 0.007194244604316547
  },