{
  "confid" : {
    "count" : 1,
    "tf" : 0.0011025358324145535
  },
  "reason" : {
    "count" : 1,
    "tf" : 0.0011025358324145535
  },
  "about" : {
    "count" : 2,
    "tf" : 0.002205071664829107
  },
  "your" : {
    "count" : 5,
    "tf" : 0.005512679162072767
  },
  "webpag" : {
    "count" : 1,
    "tf" : 0.0011025358324145535
  },
  "ajax" : {
    "count" : 8,
    "tf" : 0.008820286659316428
  },
  "environ" : {
    "count" : 3,
    "tf" : 0.0033076074972436605
  },
  "via" : {
    "count" : 1,
    "tf" : 0.0011025358324145535
  },
  "offer" : {
    "count" : 1,
    "tf" : 0.0011025358324145535
  },
  "mobil" : {
    "count" : 1,
    "tf" : 0.0011025358324145535
  },
  "describ" : {
    "count" : 1,
    "tf" : 0.0011025358324145535
  },
  "would" : {
    "count" : 1,
    "tf" : 0.0011025358324145535
  },
  "flexibl" : {
    "count" : 1,
    "tf" : 0.0011025358324145535
  },
  "let" : {
    "count" : 2,
    "tf" : 0.002205071664829107
  },
  "onlin" : {
    "count" : 4,
    "tf" : 0.004410143329658214
  },
  "you" : {
    "count" : 13,
    "tf" : 0.014332965821389196
  },
  "element" : {
    "count" : 3,
    "tf" : 0.0033076074972436605
  },
  "app" : {
    "count" : 8,
    "tf" : 0.008820286659316428
  },
  "happen" : {
    "count" : 1,
    "tf" : 0.0011025358324145535
  },
  "github" : {
    "count" : 2,
    "tf" : 0.002205071664829107
  },
  "pass" : {
    "count" : 1,
    "tf" : 0.0011025358324145535
  },
  "want" : {
    "count" : 1,
    "tf" : 0.0011025358324145535
  },
  "google" : {
    "count" : 1,
    "tf" : 0.0011025358324145535
  },
  "then" : {
    "count" : 1,
    "tf" : 0.0011025358324145535
  },
  "cdn" : {
    "count" : 6,
    "tf" : 0.006615214994487321
  },
  "click" : {
    "count" : 3,
    "tf" : 0.0033076074972436605
  },
  "version" : {
    "count" : 8,
    "tf" : 0.008820286659316428
  },
  "an" : {
    "count" : 3,
    "tf" : 0.0033076074972436605
  },
  "javascript" : {
    "count" : 4,
    "tf" : 0.004410143329658214
  },
  "ar" : {
    "count" : 6,
    "tf" : 0.006615214994487321
  },
  "input" : {
    "count" : 1,
    "tf" : 0.0011025358324145535
  },
  "at" : {
    "count" : 3,
    "tf" : 0.0033076074972436605
  },
  "re" : {
    "count" : 1,
    "tf" : 0.0011025358324145535
  },
  "includ" : {
    "count" : 2,
    "tf" : 0.002205071664829107
  },
  "detail" : {
    "count" : 1,
    "tf" : 0.0011025358324145535
  },
  "descript" : {
    "count" : 1,
    "tf" : 0.0011025358324145535
  },
  "seri" : {
    "count" : 1,
    "tf" : 0.0011025358324145535
  },
  "object" : {
    "count" : 3,
    "tf" : 0.0033076074972436605
  },
  "chapter" : {
    "count" : 2,
    "tf" : 0.002205071664829107
  },
  "be" : {
    "count" : 3,
    "tf" : 0.0033076074972436605
  },
  "access" : {
    "count" : 3,
    "tf" : 0.0033076074972436605
  },
  "document" : {
    "count" : 1,
    "tf" : 0.0011025358324145535
  },
  "scan" : {
    "count" : 1,
    "tf" : 0.0011025358324145535
  },
  "global" : {
    "count" : 1,
    "tf" : 0.0011025358324145535
  },
  "two" : {
    "count" : 2,
    "tf" : 0.002205071664829107
  },
  "seen" : {
    "count" : 1,
    "tf" : 0.0011025358324145535
  },
  "result" : {
    "count" : 1,
    "tf" : 0.0011025358324145535
  },
  "how" : {
    "count" : 1,
    "tf" : 0.0011025358324145535
  },
  "into" : {
    "count" : 2,
    "tf" : 0.002205071664829107
  },
  "search" : {
    "count" : 1,
    "tf" : 0.0011025358324145535
  },
  "see" : {
    "count" : 2,
    "tf" : 0.002205071664829107
  },
  "same" : {
    "count" : 2,
    "tf" : 0.002205071664829107
  },
  "min" : {
    "count" : 4,
    "tf" : 0.004410143329658214
  },
  "by" : {
    "count" : 3,
    "tf" : 0.0033076074972436605
  },
  "so" : {
    "count" : 3,
    "tf" : 0.0033076074972436605
  },
  "free" : {
    "count" : 1,
    "tf" : 0.0011025358324145535
  },
  "advantag" : {
    "count" : 1,
    "tf" : 0.0011025358324145535
  },
  "connect" : {
    "count" : 1,
    "tf" : 0.0011025358324145535
  },
  "resourc" : {
    "count" : 1,
    "tf" : 0.0011025358324145535
  },
  "latest" : {
    "count" : 6,
    "tf" : 0.006615214994487321
  },
  "populat" : {
    "count" : 1,
    "tf" : 0.0011025358324145535
  },
  "a" : {
    "count" : 15,
    "tf" : 0.016538037486218304
  },
  "set" : {
    "count" : 3,
    "tf" : 0.0033076074972436605
  },
  "contain" : {
    "count" : 1,
    "tf" : 0.0011025358324145535
  },
  "learn" : {
    "count" : 2,
    "tf" : 0.002205071664829107
  },
  "onc" : {
    "count" : 1,
    "tf" : 0.0011025358324145535
  },
  "h" : {
    "count" : 6,
    "tf" : 0.006615214994487321
  },
  "i" : {
    "count" : 13,
    "tf" : 0.014332965821389196
  },
  "j" : {
    "count" : 7,
    "tf" : 0.007717750826901874
  },
  "right" : {
    "count" : 2,
    "tf" : 0.002205071664829107
  },
  "sample" : {
    "count" : 1,
    "tf" : 0.0011025358324145535
  },
  "the" : {
    "count" : 57,
    "tf" : 0.06284454244762955
  },
  "call" : {
    "count" : 1,
    "tf" : 0.0011025358324145535
  },
  "fast" : {
    "count" : 1,
    "tf" : 0.0011025358324145535
  },
  "thi" : {
    "count" : 17,
    "tf" : 0.018743109151047408
  },
  "t" : {
    "count" : 1,
    "tf" : 0.0011025358324145535
  },
  "th" : {
    "count" : 1,
    "tf" : 0.0011025358324145535
  },
  "u" : {
    "count" : 2,
    "tf" : 0.002205071664829107
  },
  "x" : {
    "count" : 2,
    "tf" : 0.002205071664829107
  },
  "to" : {
    "count" : 29,
    "tf" : 0.03197353914002205
  },
  "open" : {
    "count" : 2,
    "tf" : 0.002205071664829107
  },
  "discuss" : {
    "count" : 1,
    "tf" : 0.0011025358324145535
  },
  "through" : {
    "count" : 1,
    "tf" : 0.0011025358324145535
  },
  "lib" : {
    "count" : 4,
    "tf" : 0.004410143329658214
  },
  "reserv" : {
    "count" : 1,
    "tf" : 0.0011025358324145535
  },
  "extern" : {
    "count" : 1,
    "tf" : 0.0011025358324145535
  },
  "do" : {
    "count" : 2,
    "tf" : 0.002205071664829107
  },
  "source" : {
    "count" : 1,
    "tf" : 0.0011025358324145535
  },
  "div" : {
    "count" : 6,
    "tf" : 0.006615214994487321
  },
  "view" : {
    "count" : 8,
    "tf" : 0.008820286659316428
  },
  "either" : {
    "count" : 1,
    "tf" : 0.0011025358324145535
  },
  "structur" : {
    "count" : 1,
    "tf" : 0.0011025358324145535
  },
  "won" : {
    "count" : 1,
    "tf" : 0.0011025358324145535
  },
  "up" : {
    "count" : 3,
    "tf" : 0.0033076074972436605
  },
  "placehold" : {
    "count" : 1,
    "tf" : 0.0011025358324145535
  },
  "us" : {
    "count" : 11,
    "tf" : 0.012127894156560088
  },
  "advertis" : {
    "count" : 2,
    "tf" : 0.002205071664829107
  },
  "add" : {
    "count" : 4,
    "tf" : 0.004410143329658214
  },
  "which" : {
    "count" : 1,
    "tf" : 0.0011025358324145535
  },
  "given" : {
    "count" : 1,
    "tf" : 0.0011025358324145535
  },
  "minifi" : {
    "count" : 1,
    "tf" : 0.0011025358324145535
  },
  "googleapi" : {
    "count" : 4,
    "tf" : 0.004410143329658214
  },
  "check" : {
    "count" : 2,
    "tf" : 0.002205071664829107
  },
  "develop" : {
    "count" : 1,
    "tf" : 0.0011025358324145535
  },
  "els" : {
    "count" : 1,
    "tf" : 0.0011025358324145535
  },
  "look" : {
    "count" : 1,
    "tf" : 0.0011025358324145535
  },
  "respect" : {
    "count" : 1,
    "tf" : 0.0011025358324145535
  },
  "name" : {
    "count" : 3,
    "tf" : 0.0033076074972436605
  },
  "http" : {
    "count" : 4,
    "tf" : 0.004410143329658214
  },
  "page" : {
    "count" : 3,
    "tf" : 0.0033076074972436605
  },
  "doctyp" : {
    "count" : 2,
    "tf" : 0.002205071664829107
  },
  "region" : {
    "count" : 1,
    "tf" : 0.0011025358324145535
  },
  "support" : {
    "count" : 1,
    "tf" : 0.0011025358324145535
  },
  "compar" : {
    "count" : 1,
    "tf" : 0.0011025358324145535
  },
  "next" : {
    "count" : 4,
    "tf" : 0.004410143329658214
  },
  "for" : {
    "count" : 2,
    "tf" : 0.002205071664829107
  },
  "helloto" : {
    "count" : 9,
    "tf" : 0.009922822491730982
  },