{
  "copyright" : {
    "count" : 1,
    "tf" : 0.003048780487804878
  },
  "select" : {
    "count" : 1,
    "tf" : 0.003048780487804878
  },
  "testangularj" : {
    "count" : 1,
    "tf" : 0.003048780487804878
  },
  "your" : {
    "count" : 3,
    "tf" : 0.009146341463414634
  },
  "type" : {
    "count" : 2,
    "tf" : 0.006097560975609756
  },
  "three" : {
    "count" : 2,
    "tf" : 0.006097560975609756
  },
  "ajax" : {
    "count" : 4,
    "tf" : 0.012195121951219513
  },
  "consist" : {
    "count" : 1,
    "tf" : 0.003048780487804878
  },
  "output" : {
    "count" : 1,
    "tf" : 0.003048780487804878
  },
  "bind" : {
    "count" : 8,
    "tf" : 0.024390243902439025
  },
  "variabl" : {
    "count" : 1,
    "tf" : 0.003048780487804878
  },
  "displai" : {
    "count" : 1,
    "tf" : 0.003048780487804878
  },
  "let" : {
    "count" : 1,
    "tf" : 0.003048780487804878
  },
  "model" : {
    "count" : 9,
    "tf" : 0.027439024390243903
  },
  "enter" : {
    "count" : 3,
    "tf" : 0.009146341463414634
  },
  "text" : {
    "count" : 3,
    "tf" : 0.009146341463414634
  },
  "nam" : {
    "count" : 1,
    "tf" : 0.003048780487804878
  },
  "helloworld" : {
    "count" : 1,
    "tf" : 0.003048780487804878
  },
  "app" : {
    "count" : 6,
    "tf" : 0.018292682926829267
  },
  "applic" : {
    "count" : 15,
    "tf" : 0.04573170731707317
  },
  "creat" : {
    "count" : 1,
    "tf" : 0.003048780487804878
  },
  "clos" : {
    "count" : 1,
    "tf" : 0.003048780487804878
  },
  "in" : {
    "count" : 4,
    "tf" : 0.012195121951219513
  },
  "it" : {
    "count" : 1,
    "tf" : 0.003048780487804878
  },
  "then" : {
    "count" : 2,
    "tf" : 0.006097560975609756
  },
  "an" : {
    "count" : 3,
    "tf" : 0.009146341463414634
  },
  "javascript" : {
    "count" : 1,
    "tf" : 0.003048780487804878
  },
  "script" : {
    "count" : 5,
    "tf" : 0.01524390243902439
  },
  "ar" : {
    "count" : 1,
    "tf" : 0.003048780487804878
  },
  "input" : {
    "count" : 4,
    "tf" : 0.012195121951219513
  },
  "angular" : {
    "count" : 2,
    "tf" : 0.006097560975609756
  },
  "befor" : {
    "count" : 1,
    "tf" : 0.003048780487804878
  },
  "hello" : {
    "count" : 2,
    "tf" : 0.006097560975609756
  },
  "textangularj" : {
    "count" : 1,
    "tf" : 0.003048780487804878
  },
  "valu" : {
    "count" : 2,
    "tf" : 0.006097560975609756
  },
  "be" : {
    "count" : 4,
    "tf" : 0.012195121951219513
  },
  "direct" : {
    "count" : 9,
    "tf" : 0.027439024390243903
  },
  "mention" : {
    "count" : 1,
    "tf" : 0.003048780487804878
  },
  "result" : {
    "count" : 1,
    "tf" : 0.003048780487804878
  },
  "how" : {
    "count" : 1,
    "tf" : 0.003048780487804878
  },
  "search" : {
    "count" : 1,
    "tf" : 0.003048780487804878
  },
  "see" : {
    "count" : 2,
    "tf" : 0.006097560975609756
  },
  "min" : {
    "count" : 2,
    "tf" : 0.006097560975609756
  },
  "web" : {
    "count" : 1,
    "tf" : 0.003048780487804878
  },
  "defin" : {
    "count" : 4,
    "tf" : 0.012195121951219513
  },
  "resourc" : {
    "count" : 1,
    "tf" : 0.003048780487804878
  },
  "a" : {
    "count" : 5,
    "tf" : 0.01524390243902439
  },
  "within" : {
    "count" : 1,
    "tf" : 0.003048780487804878
  },
  "h" : {
    "count" : 2,
    "tf" : 0.006097560975609756
  },
  "tutori" : {
    "count" : 1,
    "tf" : 0.003048780487804878
  },
  "j" : {
    "count" : 2,
    "tf" : 0.006097560975609756
  },
  "right" : {
    "count" : 1,
    "tf" : 0.003048780487804878
  },
  "angularj" : {
    "count" : 19,
    "tf" : 0.057926829268292686
  },
  "sample" : {
    "count" : 1,
    "tf" : 0.003048780487804878
  },
  "the" : {
    "count" : 12,
    "tf" : 0.036585365853658534
  },
  "p" : {
    "count" : 8,
    "tf" : 0.024390243902439025
  },
  "framework" : {
    "count" : 2,
    "tf" : 0.006097560975609756
  },
  "thi" : {
    "count" : 3,
    "tf" : 0.009146341463414634
  },
  "u" : {
    "count" : 1,
    "tf" : 0.003048780487804878
  },
  "to" : {
    "count" : 6,
    "tf" : 0.018292682926829267
  },
  "first" : {
    "count" : 2,
    "tf" : 0.006097560975609756
  },
  "open" : {
    "count" : 1,
    "tf" : 0.003048780487804878
  },
  "span" : {
    "count" : 5,
    "tf" : 0.01524390243902439
  },
  "com" : {
    "count" : 2,
    "tf" : 0.006097560975609756
  },
  "data" : {
    "count" : 2,
    "tf" : 0.006097560975609756
  },
  "lib" : {
    "count" : 2,
    "tf" : 0.006097560975609756
  },
  "reserv" : {
    "count" : 1,
    "tf" : 0.003048780487804878
  },
  "run" : {
    "count" : 1,
    "tf" : 0.003048780487804878
  },
  "div" : {
    "count" : 6,
    "tf" : 0.018292682926829267
  },
  "whenev" : {
    "count" : 1,
    "tf" : 0.003048780487804878
  },
  "create" : {
    "count" : 2,
    "tf" : 0.006097560975609756
  },
  "html" : {
    "count" : 9,
    "tf" : 0.027439024390243903
  },
  "tag" : {
    "count" : 4,
    "tf" : 0.012195121951219513
  },
  "hav" : {
    "count" : 1,
    "tf" : 0.003048780487804878
  },
  "us" : {
    "count" : 9,
    "tf" : 0.027439024390243903
  },
  "advertis" : {
    "count" : 2,
    "tf" : 0.006097560975609756
  },
  "add" : {
    "count" : 1,
    "tf" : 0.003048780487804878
  },
  "which" : {
    "count" : 1,
    "tf" : 0.003048780487804878
  },
  "all" : {
    "count" : 1,
    "tf" : 0.003048780487804878
  },
  "actual" : {
    "count" : 2,
    "tf" : 0.006097560975609756
  },
  "googleapi" : {
    "count" : 2,
    "tf" : 0.006097560975609756
  },
  "read" : {
    "count" : 1,
    "tf" : 0.003048780487804878
  },
  "integr" : {
    "count" : 1,
    "tf" : 0.003048780487804878
  },
  "name" : {
    "count" : 10,
    "tf" : 0.03048780487804878
  },
  "ng" : {
    "count" : 16,
    "tf" : 0.04878048780487805
  },
  "http" : {
    "count" : 2,
    "tf" : 0.006097560975609756
  },
  "page" : {
    "count" : 2,
    "tf" : 0.006097560975609756
  },
  "bodi" : {
    "count" : 2,
    "tf" : 0.006097560975609756
  },
  "indic" : {
    "count" : 2,
    "tf" : 0.006097560975609756
  },
  "import" : {
    "count" : 1,
    "tf" : 0.003048780487804878
  },
  "part" : {
    "count" : 2,
    "tf" : 0.006097560975609756
  },
  "link" : {
    "count" : 1,
    "tf" : 0.003048780487804878
  },
  "box" : {
    "count" : 1,
    "tf" : 0.003048780487804878
  },
  "pure" : {
    "count" : 1,
    "tf" : 0.003048780487804878
  },
  "title" : {
    "count" : 2,
    "tf" : 0.006097560975609756
  },
  "we" : {
    "count" : 1,
    "tf" : 0.003048780487804878
  },
  "head" : {
    "count" : 2,
    "tf" : 0.006097560975609756
  },
  "can" : {
    "count" : 2,
    "tf" : 0.006097560975609756
  },
  "load" : {
    "count" : 1,
    "tf" : 0.003048780487804878
  },
  "and" : {
    "count" : 3,
    "tf" : 0.009146341463414634
  },
  "of" : {
    "count" : 6,
    "tf" : 0.018292682926829267
  },
  "browser" : {
    "count" : 1,
    "tf" : 0.003048780487804878
  },
  "end" : {
    "count" : 1,
    "tf" : 0.003048780487804878
  },
  "htm" : {
    "count" : 2,
    "tf" : 0.006097560975609756
  },
  "someth" : {
    "count" : 1,
    "tf" : 0.003048780487804878
  },
  "src" : {
    "count" : 2,
    "tf" : 0.006097560975609756
  },
  "abov" : {
    "count" : 2,
    "tf" : 0.006097560975609756
  },
  "start" : {
    "count" : 2,
    "tf" : 0.006097560975609756
  },
  "control" : {
    "count" : 1,
    "tf" : 0.003048780487804878
  },
  "follow" : {
    "count" : 1,
    "tf" : 0.003048780487804878
  },
  "with" : {
    "count" : 3,
    "tf" : 0.009146341463414634
  },
  "what" : {
    "count" : 1,
    "tf" : 0.003048780487804878
  },
  "step" : {
    "count" : 7,
    "tf" : 0.021341463414634148
  },
  "user" : {
    "count" : 1,
    "tf" : 0.003048780487804878
  }
}