{
  "css" : {
    "count" : 1,
    "tf" : 0.004016064257028112
  },
  "copyright" : {
    "count" : 1,
    "tf" : 0.004016064257028112
  },
  "select" : {
    "count" : 1,
    "tf" : 0.004016064257028112
  },
  "addit" : {
    "count" : 1,
    "tf" : 0.004016064257028112
  },
  "hr" : {
    "count" : 1,
    "tf" : 0.004016064257028112
  },
  "complet" : {
    "count" : 1,
    "tf" : 0.004016064257028112
  },
  "your" : {
    "count" : 2,
    "tf" : 0.008032128514056224
  },
  "type" : {
    "count" : 1,
    "tf" : 0.004016064257028112
  },
  "ajax" : {
    "count" : 3,
    "tf" : 0.012048192771084338
  },
  "output" : {
    "count" : 1,
    "tf" : 0.004016064257028112
  },
  "veri" : {
    "count" : 1,
    "tf" : 0.004016064257028112
  },
  "describ" : {
    "count" : 1,
    "tf" : 0.004016064257028112
  },
  "compon" : {
    "count" : 1,
    "tf" : 0.004016064257028112
  },
  "audienc" : {
    "count" : 1,
    "tf" : 0.004016064257028112
  },
  "corner" : {
    "count" : 1,
    "tf" : 0.004016064257028112
  },
  "bas" : {
    "count" : 1,
    "tf" : 0.004016064257028112
  },
  "action" : {
    "count" : 1,
    "tf" : 0.004016064257028112
  },
  "model" : {
    "count" : 1,
    "tf" : 0.004016064257028112
  },
  "text" : {
    "count" : 2,
    "tf" : 0.008032128514056224
  },
  "technologi" : {
    "count" : 1,
    "tf" : 0.004016064257028112
  },
  "enter" : {
    "count" : 1,
    "tf" : 0.004016064257028112
  },
  "if" : {
    "count" : 1,
    "tf" : 0.004016064257028112
  },
  "onlin" : {
    "count" : 1,
    "tf" : 0.004016064257028112
  },
  "you" : {
    "count" : 3,
    "tf" : 0.012048192771084338
  },
  "profession" : {
    "count" : 1,
    "tf" : 0.004016064257028112
  },
  "app" : {
    "count" : 1,
    "tf" : 0.004016064257028112
  },
  "applic" : {
    "count" : 3,
    "tf" : 0.012048192771084338
  },
  "in" : {
    "count" : 3,
    "tf" : 0.012048192771084338
  },
  "want" : {
    "count" : 1,
    "tf" : 0.004016064257028112
  },
  "understand" : {
    "count" : 2,
    "tf" : 0.008032128514056224
  },
  "it" : {
    "count" : 10,
    "tf" : 0.040160642570281124
  },
  "version" : {
    "count" : 1,
    "tf" : 0.004016064257028112
  },
  "easy" : {
    "count" : 1,
    "tf" : 0.004016064257028112
  },
  "an" : {
    "count" : 1,
    "tf" : 0.004016064257028112
  },
  "javascript" : {
    "count" : 2,
    "tf" : 0.008032128514056224
  },
  "script" : {
    "count" : 2,
    "tf" : 0.008032128514056224
  },
  "suitabl" : {
    "count" : 1,
    "tf" : 0.004016064257028112
  },
  "extend" : {
    "count" : 1,
    "tf" : 0.004016064257028112
  },
  "ar" : {
    "count" : 1,
    "tf" : 0.004016064257028112
  },
  "angular" : {
    "count" : 1,
    "tf" : 0.004016064257028112
  },
  "input" : {
    "count" : 1,
    "tf" : 0.004016064257028112
  },
  "at" : {
    "count" : 1,
    "tf" : 0.004016064257028112
  },
  "hello" : {
    "count" : 1,
    "tf" : 0.004016064257028112
  },
  "programm" : {
    "count" : 1,
    "tf" : 0.004016064257028112
  },
  "other" : {
    "count" : 1,
    "tf" : 0.004016064257028112
  },
  "dom" : {
    "count" : 1,
    "tf" : 0.004016064257028112
  },
  "be" : {
    "count" : 1,
    "tf" : 0.004016064257028112
  },
  "enjoy" : {
    "count" : 1,
    "tf" : 0.004016064257028112
  },
  "search" : {
    "count" : 2,
    "tf" : 0.008032128514056224
  },
  "see" : {
    "count" : 1,
    "tf" : 0.004016064257028112
  },
  "world" : {
    "count" : 1,
    "tf" : 0.004016064257028112
  },
  "min" : {
    "count" : 1,
    "tf" : 0.004016064257028112
  },
  "top" : {
    "count" : 1,
    "tf" : 0.004016064257028112
  },
  "web" : {
    "count" : 2,
    "tf" : 0.008032128514056224
  },
  "by" : {
    "count" : 1,
    "tf" : 0.004016064257028112
  },
  "have" : {
    "count" : 2,
    "tf" : 0.008032128514056224
  },
  "power" : {
    "count" : 1,
    "tf" : 0.004016064257028112
  },
  "free" : {
    "count" : 1,
    "tf" : 0.004016064257028112
  },
  "so" : {
    "count" : 1,
    "tf" : 0.004016064257028112
  },
  "resourc" : {
    "count" : 1,
    "tf" : 0.004016064257028112
  },
  "a" : {
    "count" : 5,
    "tf" : 0.020080321285140562
  },
  "editor" : {
    "count" : 1,
    "tf" : 0.004016064257028112
  },
  "avail" : {
    "count" : 2,
    "tf" : 0.008032128514056224
  },
  "learn" : {
    "count" : 2,
    "tf" : 0.008032128514056224
  },
  "more" : {
    "count" : 1,
    "tf" : 0.004016064257028112
  },
  "h" : {
    "count" : 2,
    "tf" : 0.008032128514056224
  },
  "i" : {
    "count" : 5,
    "tf" : 0.020080321285140562
  },
  "tutori" : {
    "count" : 4,
    "tf" : 0.01606425702811245
  },
  "j" : {
    "count" : 1,
    "tf" : 0.004016064257028112
  },
  "right" : {
    "count" : 2,
    "tf" : 0.008032128514056224
  },
  "angularj" : {
    "count" : 11,
    "tf" : 0.04417670682730924
  },
  "sample" : {
    "count" : 1,
    "tf" : 0.004016064257028112
  },
  "single" : {
    "count" : 1,
    "tf" : 0.004016064257028112
  },
  "the" : {
    "count" : 8,
    "tf" : 0.0321285140562249
  },
  "such" : {
    "count" : 1,
    "tf" : 0.004016064257028112
  },
  "framework" : {
    "count" : 1,
    "tf" : 0.004016064257028112
  },
  "thi" : {
    "count" : 2,
    "tf" : 0.008032128514056224
  },
  "exampl" : {
    "count" : 3,
    "tf" : 0.012048192771084338
  },
  "to" : {
    "count" : 4,
    "tf" : 0.01606425702811245
  },
  "under" : {
    "count" : 1,
    "tf" : 0.004016064257028112
  },
  "apach" : {
    "count" : 1,
    "tf" : 0.004016064257028112
  },
  "open" : {
    "count" : 1,
    "tf" : 0.004016064257028112
  },
  "thousand" : {
    "count" : 1,
    "tf" : 0.004016064257028112
  },
  "com" : {
    "count" : 1,
    "tf" : 0.004016064257028112
  },
  "lib" : {
    "count" : 1,
    "tf" : 0.004016064257028112
  },
  "reserv" : {
    "count" : 1,
    "tf" : 0.004016064257028112
  },
  "project" : {
    "count" : 1,
    "tf" : 0.004016064257028112
  },
  "simple" : {
    "count" : 1,
    "tf" : 0.004016064257028112
  },
  "source" : {
    "count" : 1,
    "tf" : 0.004016064257028112
  },
  "good" : {
    "count" : 1,
    "tf" : 0.004016064257028112
  },
  "div" : {
    "count" : 2,
    "tf" : 0.008032128514056224
  },
  "etc" : {
    "count" : 1,
    "tf" : 0.004016064257028112
  },
  "find" : {
    "count" : 1,
    "tf" : 0.004016064257028112
  },
  "should" : {
    "count" : 1,
    "tf" : 0.004016064257028112
  },
  "html" : {
    "count" : 5,
    "tf" : 0.020080321285140562
  },
  "placehold" : {
    "count" : 1,
    "tf" : 0.004016064257028112
  },
  "us" : {
    "count" : 6,
    "tf" : 0.024096385542168676
  },
  "advertis" : {
    "count" : 1,
    "tf" : 0.004016064257028112
  },
  "all" : {
    "count" : 1,
    "tf" : 0.004016064257028112
  },
  "given" : {
    "count" : 1,
    "tf" : 0.004016064257028112
  },
  "googleapi" : {
    "count" : 1,
    "tf" : 0.004016064257028112
  },
  "read" : {
    "count" : 1,
    "tf" : 0.004016064257028112
  },
  "spa" : {
    "count" : 1,
    "tf" : 0.004016064257028112
  },
  "below" : {
    "count" : 1,
    "tf" : 0.004016064257028112
  },
  "develop" : {
    "count" : 2,
    "tf" : 0.008032128514056224
  },
  "most" : {
    "count" : 1,
    "tf" : 0.004016064257028112
  },
  "name" : {
    "count" : 2,
    "tf" : 0.008032128514056224
  },
  "ng" : {
    "count" : 2,
    "tf" : 0.008032128514056224
  },
  "http" : {
    "count" : 1,
    "tf" : 0.004016064257028112
  },
  "try" : {
    "count" : 4,
    "tf" : 0.01606425702811245
  },
  "page" : {
    "count" : 1,
    "tf" : 0.004016064257028112
  },
  "job" : {
    "count" : 1,
    "tf" : 0.004016064257028112
  },
  "basic" : {
    "count" : 2,
    "tf" : 0.008032128514056224
  },
  "doctyp" : {
    "count" : 1,
    "tf" : 0.004016064257028112
  },
  "bodi" : {
    "count" : 2,
    "tf" : 0.008032128514056224
  },
  "who" : {
    "count" : 1,
    "tf" : 0.004016064257028112
  },
  "option" : {
    "count" : 2,
    "tf" : 0.008032128514056224
  },
  "here" : {
    "count" : 1,
    "tf" : 0.004016064257028112
  },