{
  "confid" : {
    "count" : 1,
    "tf" : 0.0016051364365971107
  },
  "been" : {
    "count" : 1,
    "tf" : 0.0016051364365971107
  },
  "metadata" : {
    "count" : 1,
    "tf" : 0.0016051364365971107
  },
  "your" : {
    "count" : 2,
    "tf" : 0.0032102728731942215
  },
  "ajax" : {
    "count" : 1,
    "tf" : 0.0016051364365971107
  },
  "environ" : {
    "count" : 3,
    "tf" : 0.004815409309791332
  },
  "these" : {
    "count" : 3,
    "tf" : 0.004815409309791332
  },
  "compon" : {
    "count" : 3,
    "tf" : 0.004815409309791332
  },
  "trimm" : {
    "count" : 1,
    "tf" : 0.0016051364365971107
  },
  "complex" : {
    "count" : 1,
    "tf" : 0.0016051364365971107
  },
  "visual" : {
    "count" : 9,
    "tf" : 0.014446227929373997
  },
  "let" : {
    "count" : 1,
    "tf" : 0.0016051364365971107
  },
  "onlin" : {
    "count" : 6,
    "tf" : 0.009630818619582664
  },
  "you" : {
    "count" : 11,
    "tf" : 0.01765650080256822
  },
  "they" : {
    "count" : 1,
    "tf" : 0.0016051364365971107
  },
  "edit" : {
    "count" : 2,
    "tf" : 0.0032102728731942215
  },
  "automat" : {
    "count" : 1,
    "tf" : 0.0016051364365971107
  },
  "an" : {
    "count" : 3,
    "tf" : 0.004815409309791332
  },
  "version" : {
    "count" : 3,
    "tf" : 0.004815409309791332
  },
  "each" : {
    "count" : 3,
    "tf" : 0.004815409309791332
  },
  "str" : {
    "count" : 1,
    "tf" : 0.0016051364365971107
  },
  "ar" : {
    "count" : 6,
    "tf" : 0.009630818619582664
  },
  "befor" : {
    "count" : 1,
    "tf" : 0.0016051364365971107
  },
  "linq" : {
    "count" : 1,
    "tf" : 0.0016051364365971107
  },
  "bsd" : {
    "count" : 1,
    "tf" : 0.0016051364365971107
  },
  "at" : {
    "count" : 2,
    "tf" : 0.0032102728731942215
  },
  "includ" : {
    "count" : 3,
    "tf" : 0.004815409309791332
  },
  "detail" : {
    "count" : 1,
    "tf" : 0.0016051364365971107
  },
  "programm" : {
    "count" : 3,
    "tf" : 0.004815409309791332
  },
  "chapter" : {
    "count" : 1,
    "tf" : 0.0016051364365971107
  },
  "be" : {
    "count" : 3,
    "tf" : 0.004815409309791332
  },
  "access" : {
    "count" : 1,
    "tf" : 0.0016051364365971107
  },
  "solari" : {
    "count" : 1,
    "tf" : 0.0016051364365971107
  },
  "document" : {
    "count" : 1,
    "tf" : 0.0016051364365971107
  },
  "languag" : {
    "count" : 5,
    "tf" : 0.008025682182985553
  },
  "two" : {
    "count" : 1,
    "tf" : 0.0016051364365971107
  },
  "integrat" : {
    "count" : 1,
    "tf" : 0.0016051364365971107
  },
  "br" : {
    "count" : 1,
    "tf" : 0.0016051364365971107
  },
  "how" : {
    "count" : 1,
    "tf" : 0.0016051364365971107
  },
  "into" : {
    "count" : 1,
    "tf" : 0.0016051364365971107
  },
  "search" : {
    "count" : 1,
    "tf" : 0.0016051364365971107
  },
  "see" : {
    "count" : 1,
    "tf" : 0.0016051364365971107
  },
  "same" : {
    "count" : 1,
    "tf" : 0.0016051364365971107
  },
  "arg" : {
    "count" : 1,
    "tf" : 0.0016051364365971107
  },
  "by" : {
    "count" : 1,
    "tf" : 0.0016051364365971107
  },
  "machin" : {
    "count" : 1,
    "tf" : 0.0016051364365971107
  },
  "so" : {
    "count" : 2,
    "tf" : 0.0032102728731942215
  },
  "free" : {
    "count" : 1,
    "tf" : 0.0016051364365971107
  },
  "connect" : {
    "count" : 1,
    "tf" : 0.0016051364365971107
  },
  "resourc" : {
    "count" : 1,
    "tf" : 0.0016051364365971107
  },
  "a" : {
    "count" : 10,
    "tf" : 0.016051364365971106
  },
  "stat" : {
    "count" : 1,
    "tf" : 0.0016051364365971107
  },
  "c" : {
    "count" : 22,
    "tf" : 0.03531300160513644
  },
  "set" : {
    "count" : 1,
    "tf" : 0.0016051364365971107
  },
  "enorm" : {
    "count" : 1,
    "tf" : 0.0016051364365971107
  },
  "learn" : {
    "count" : 1,
    "tf" : 0.0016051364365971107
  },
  "helloworldappl" : {
    "count" : 1,
    "tf" : 0.0016051364365971107
  },
  "assembli" : {
    "count" : 2,
    "tf" : 0.0032102728731942215
  },
  "i" : {
    "count" : 6,
    "tf" : 0.009630818619582664
  },
  "abl" : {
    "count" : 1,
    "tf" : 0.0016051364365971107
  },
  "right" : {
    "count" : 2,
    "tf" : 0.0032102728731942215
  },
  "freeli" : {
    "count" : 1,
    "tf" : 0.0016051364365971107
  },
  "o" : {
    "count" : 3,
    "tf" : 0.004815409309791332
  },
  "the" : {
    "count" : 34,
    "tf" : 0.05457463884430177
  },
  "such" : {
    "count" : 2,
    "tf" : 0.0032102728731942215
  },
  "appear" : {
    "count" : 1,
    "tf" : 0.0016051364365971107
  },
  "thi" : {
    "count" : 3,
    "tf" : 0.004815409309791332
  },
  "cobol" : {
    "count" : 1,
    "tf" : 0.0016051364365971107
  },
  "u" : {
    "count" : 1,
    "tf" : 0.0016051364365971107
  },
  "v" : {
    "count" : 1,
    "tf" : 0.0016051364365971107
  },
  "x" : {
    "count" : 1,
    "tf" : 0.0016051364365971107
  },
  "to" : {
    "count" : 9,
    "tf" : 0.014446227929373997
  },
  "mani" : {
    "count" : 1,
    "tf" : 0.0016051364365971107
  },
  "open" : {
    "count" : 1,
    "tf" : 0.0016051364365971107
  },
  "discuss" : {
    "count" : 2,
    "tf" : 0.0032102728731942215
  },
  "asp" : {
    "count" : 2,
    "tf" : 0.0032102728731942215
  },
  "kindli" : {
    "count" : 1,
    "tf" : 0.0016051364365971107
  },
  "but" : {
    "count" : 1,
    "tf" : 0.0016051364365971107
  },
  "featur" : {
    "count" : 1,
    "tf" : 0.0016051364365971107
  },
  "reserv" : {
    "count" : 1,
    "tf" : 0.0016051364365971107
  },
  "express" : {
    "count" : 5,
    "tf" : 0.008025682182985553
  },
  "run" : {
    "count" : 4,
    "tf" : 0.006420545746388443
  },
  "source" : {
    "count" : 2,
    "tf" : 0.0032102728731942215
  },
  "microsoft" : {
    "count" : 4,
    "tf" : 0.006420545746388443
  },
  "down" : {
    "count" : 1,
    "tf" : 0.0016051364365971107
  },
  "jscript" : {
    "count" : 1,
    "tf" : 0.0016051364365971107
  },
  "specif" : {
    "count" : 1,
    "tf" : 0.0016051364365971107
  },
  "sever" : {
    "count" : 1,
    "tf" : 0.0016051364365971107
  },
  "up" : {
    "count" : 1,
    "tf" : 0.0016051364365971107
  },
  "readkei" : {
    "count" : 1,
    "tf" : 0.0016051364365971107
  },
  "us" : {
    "count" : 11,
    "tf" : 0.01765650080256822
  },
  "advertis" : {
    "count" : 2,
    "tf" : 0.0032102728731942215
  },
  "which" : {
    "count" : 2,
    "tf" : 0.0032102728731942215
  },
  "given" : {
    "count" : 1,
    "tf" : 0.0016051364365971107
  },
  "static" : {
    "count" : 1,
    "tf" : 0.0016051364365971107
  },
  "last" : {
    "count" : 1,
    "tf" : 0.0016051364365971107
  },
  "please" : {
    "count" : 2,
    "tf" : 0.0032102728731942215
  },
  "develop" : {
    "count" : 6,
    "tf" : 0.009630818619582664
  },
  "check" : {
    "count" : 1,
    "tf" : 0.0016051364365971107
  },
  "ado" : {
    "count" : 1,
    "tf" : 0.0016051364365971107
  },
  "flavor" : {
    "count" : 1,
    "tf" : 0.0016051364365971107
  },
  "take" : {
    "count" : 1,
    "tf" : 0.0016051364365971107
  },
  "altern" : {
    "count" : 1,
    "tf" : 0.0016051364365971107
  },
  "activ" : {
    "count" : 1,
    "tf" : 0.0016051364365971107
  },
  "internet" : {
    "count" : 1,
    "tf" : 0.0016051364365971107
  },
  "some" : {
    "count" : 2,
    "tf" : 0.0032102728731942215
  },
  "operat" : {
    "count" : 4,
    "tf" : 0.006420545746388443
  },
  "android" : {
    "count" : 1,
    "tf" : 0.0016051364365971107
  },
  "for" : {
    "count" : 10,
    "tf" : 0.016051364365971106
  },
  "we" : {
    "count" : 4,
    "tf" : 0.006420545746388443
  },
  "wf" : {
    "count" : 1,
    "tf" : 0.0016051364365971107
  },
  "mono" : {
    "count" : 3,
    "tf" : 0.004815409309791332
  },
  "not" : {
    "count" : 1,
    "tf" : 0.0016051364365971107
  },
  "common" : {
    "count" : 3,
    "tf" : 0.004815409309791332
  },
  "linux" : {
    "count" : 4,
    "tf" : 0.006420545746388443
  },
  "client" : {
    "count" : 1,
    "tf" : 0.0016051364365971107
  },
  "class" : {
    "count" : 2,