{
  "your" : {
    "count" : 5,
    "tf" : 0.008547008547008548
  },
  "bar" : {
    "count" : 1,
    "tf" : 0.0017094017094017094
  },
  "java" : {
    "count" : 1,
    "tf" : 0.0017094017094017094
  },
  "visual" : {
    "count" : 5,
    "tf" : 0.008547008547008548
  },
  "let" : {
    "count" : 3,
    "tf" : 0.005128205128205128
  },
  "state" : {
    "count" : 1,
    "tf" : 0.0017094017094017094
  },
  "press" : {
    "count" : 3,
    "tf" : 0.005128205128205128
  },
  "you" : {
    "count" : 5,
    "tf" : 0.008547008547008548
  },
  "clos" : {
    "count" : 1,
    "tf" : 0.0017094017094017094
  },
  "gener" : {
    "count" : 3,
    "tf" : 0.005128205128205128
  },
  "then" : {
    "count" : 1,
    "tf" : 0.0017094017094017094
  },
  "click" : {
    "count" : 2,
    "tf" : 0.003418803418803419
  },
  "str" : {
    "count" : 1,
    "tf" : 0.0017094017094017094
  },
  "ar" : {
    "count" : 2,
    "tf" : 0.003418803418803419
  },
  "befor" : {
    "count" : 1,
    "tf" : 0.0017094017094017094
  },
  "at" : {
    "count" : 4,
    "tf" : 0.006837606837606838
  },
  "includ" : {
    "count" : 1,
    "tf" : 0.0017094017094017094
  },
  "declar" : {
    "count" : 3,
    "tf" : 0.005128205128205128
  },
  "must" : {
    "count" : 1,
    "tf" : 0.0017094017094017094
  },
  "programm" : {
    "count" : 1,
    "tf" : 0.0017094017094017094
  },
  "chapter" : {
    "count" : 1,
    "tf" : 0.0017094017094017094
  },
  "be" : {
    "count" : 2,
    "tf" : 0.003418803418803419
  },
  "languag" : {
    "count" : 1,
    "tf" : 0.0017094017094017094
  },
  "worth" : {
    "count" : 1,
    "tf" : 0.0017094017094017094
  },
  "result" : {
    "count" : 1,
    "tf" : 0.0017094017094017094
  },
  "search" : {
    "count" : 1,
    "tf" : 0.0017094017094017094
  },
  "see" : {
    "count" : 1,
    "tf" : 0.0017094017094017094
  },
  "arg" : {
    "count" : 1,
    "tf" : 0.0017094017094017094
  },
  "by" : {
    "count" : 2,
    "tf" : 0.003418803418803419
  },
  "defin" : {
    "count" : 3,
    "tf" : 0.005128205128205128
  },
  "where" : {
    "count" : 1,
    "tf" : 0.0017094017094017094
  },
  "so" : {
    "count" : 1,
    "tf" : 0.0017094017094017094
  },
  "behavior" : {
    "count" : 2,
    "tf" : 0.003418803418803419
  },
  "key" : {
    "count" : 2,
    "tf" : 0.003418803418803419
  },
  "resourc" : {
    "count" : 1,
    "tf" : 0.0017094017094017094
  },
  "a" : {
    "count" : 20,
    "tf" : 0.03418803418803419
  },
  "c" : {
    "count" : 15,
    "tf" : 0.02564102564102564
  },
  "contain" : {
    "count" : 4,
    "tf" : 0.006837606837606838
  },
  "f" : {
    "count" : 1,
    "tf" : 0.0017094017094017094
  },
  "helloworldappl" : {
    "count" : 2,
    "tf" : 0.003418803418803419
  },
  "i" : {
    "count" : 11,
    "tf" : 0.018803418803418803
  },
  "launch" : {
    "count" : 1,
    "tf" : 0.0017094017094017094
  },
  "right" : {
    "count" : 1,
    "tf" : 0.0017094017094017094
  },
  "the" : {
    "count" : 62,
    "tf" : 0.10598290598290598
  },
  "appear" : {
    "count" : 1,
    "tf" : 0.0017094017094017094
  },
  "thi" : {
    "count" : 4,
    "tf" : 0.006837606837606838
  },
  "u" : {
    "count" : 3,
    "tf" : 0.005128205128205128
  },
  "v" : {
    "count" : 1,
    "tf" : 0.0017094017094017094
  },
  "to" : {
    "count" : 9,
    "tf" : 0.015384615384615385
  },
  "open" : {
    "count" : 2,
    "tf" : 0.003418803418803419
  },
  "definit" : {
    "count" : 1,
    "tf" : 0.0017094017094017094
  },
  "reserv" : {
    "count" : 1,
    "tf" : 0.0017094017094017094
  },
  "project" : {
    "count" : 4,
    "tf" : 0.006837606837606838
  },
  "express" : {
    "count" : 2,
    "tf" : 0.003418803418803419
  },
  "run" : {
    "count" : 1,
    "tf" : 0.0017094017094017094
  },
  "structur" : {
    "count" : 2,
    "tf" : 0.003418803418803419
  },
  "bare" : {
    "count" : 1,
    "tf" : 0.0017094017094017094
  },
  "readkei" : {
    "count" : 2,
    "tf" : 0.003418803418803419
  },
  "keyword" : {
    "count" : 1,
    "tf" : 0.0017094017094017094
  },
  "us" : {
    "count" : 9,
    "tf" : 0.015384615384615385
  },
  "advertis" : {
    "count" : 2,
    "tf" : 0.003418803418803419
  },
  "which" : {
    "count" : 1,
    "tf" : 0.0017094017094017094
  },
  "add" : {
    "count" : 2,
    "tf" : 0.003418803418803419
  },
  "given" : {
    "count" : 1,
    "tf" : 0.0017094017094017094
  },
  "static" : {
    "count" : 1,
    "tf" : 0.0017094017094017094
  },
  "last" : {
    "count" : 1,
    "tf" : 0.0017094017094017094
  },
  "solut" : {
    "count" : 1,
    "tf" : 0.0017094017094017094
  },
  "look" : {
    "count" : 3,
    "tf" : 0.005128205128205128
  },
  "take" : {
    "count" : 3,
    "tf" : 0.005128205128205128
  },
  "ex" : {
    "count" : 1,
    "tf" : 0.0017094017094017094
  },
  "name" : {
    "count" : 3,
    "tf" : 0.005128205128205128
  },
  "next" : {
    "count" : 5,
    "tf" : 0.008547008547008548
  },
  "for" : {
    "count" : 5,
    "tf" : 0.008547008547008548
  },
  "choose" : {
    "count" : 4,
    "tf" : 0.006837606837606838
  },
  "we" : {
    "count" : 2,
    "tf" : 0.003418803418803419
  },
  "prevent" : {
    "count" : 1,
    "tf" : 0.0017094017094017094
  },
  "button" : {
    "count" : 2,
    "tf" : 0.003418803418803419
  },
  "statement" : {
    "count" : 5,
    "tf" : 0.008547008547008548
  },
  "end" : {
    "count" : 1,
    "tf" : 0.0017094017094017094
  },
  "class" : {
    "count" : 14,
    "tf" : 0.023931623931623933
  },
  "start" : {
    "count" : 2,
    "tf" : 0.003418803418803419
  },
  "go" : {
    "count" : 1,
    "tf" : 0.0017094017094017094
  },
  "howev" : {
    "count" : 1,
    "tf" : 0.0017094017094017094
  },
  "with" : {
    "count" : 2,
    "tf" : 0.003418803418803419
  },
  "print" : {
    "count" : 2,
    "tf" : 0.003418803418803419
  },
  "what" : {
    "count" : 1,
    "tf" : 0.0017094017094017094
  },
  "refer" : {
    "count" : 1,
    "tf" : 0.0017094017094017094
  },
  "there" : {
    "count" : 1,
    "tf" : 0.0017094017094017094
  },
  "ha" : {
    "count" : 4,
    "tf" : 0.006837606837606838
  },
  "comment" : {
    "count" : 2,
    "tf" : 0.003418803418803419
  },
  "step" : {
    "count" : 1,
    "tf" : 0.0017094017094017094
  },
  "window" : {
    "count" : 2,
    "tf" : 0.003418803418803419
  },
  "prompt" : {
    "count" : 3,
    "tf" : 0.005128205128205128
  },
  "directori" : {
    "count" : 1,
    "tf" : 0.0017094017094017094
  },
  "studio" : {
    "count" : 4,
    "tf" : 0.006837606837606838
  },
  "sensit" : {
    "count" : 1,
    "tf" : 0.0017094017094017094
  },
  "copyright" : {
    "count" : 1,
    "tf" : 0.0017094017094017094
  },
  "select" : {
    "count" : 1,
    "tf" : 0.0017094017094017094
  },
  "program" : {
    "count" : 20,
    "tf" : 0.03418803418803419
  },
  "ignor" : {
    "count" : 1,
    "tf" : 0.0017094017094017094
  },
  "type" : {
    "count" : 2,
    "tf" : 0.003418803418803419
  },
  "when" : {
    "count" : 3,
    "tf" : 0.005128205128205128
  },
  "put" : {
    "count" : 1,
    "tf" : 0.0017094017094017094
  },
  "consist" : {
    "count" : 1,
    "tf" : 0.0017094017094017094
  },
  "output" : {
    "count" : 1,
    "tf" : 0.0017094017094017094
  },
  "displai" : {
    "count" : 1,
    "tf" : 0.0017094017094017094
  },
  "quickli" : {
    "count" : 1,
    "tf" : 0.0017094017094017094
  },
  "specifi" : {
    "count" : 2,
    "tf" : 0.003418803418803419
  },
  "block" : {
    "count" : 1,
    "tf" : 0.0017094017094017094
  },
  "id" : {
    "count" : 1,
    "tf" : 0.0017094017094017094
  },
  "text" : {
    "count" : 1,
    "tf" : 0.0017094017094017094
  },
  "enter" : {
    "count" : 1,
    "tf" : 0.0017094017094017094
  },
  "if" : {
    "count" : 2,
    "tf" : 0.003418803418803419
  },
  "write" : {
    "count" : 1,
    "tf" : 0.0017094017094017094
  },
  "case" : {
    "count" : 1,
    "tf" : 0.0017094017094017094
  },
  "helloworld" : {
    "count" : 8,
    "tf" : 0.013675213675213675
  },
  "creat" : {
    "count" : 1,
    "tf" : 0.0017094017094017094
  },