{
  "depend" : {
    "count" : 1,
    "tf" : 0.0015600624024961
  },
  "these" : {
    "count" : 3,
    "tf" : 0.0046801872074883
  },
  "fix" : {
    "count" : 1,
    "tf" : 0.0015600624024961
  },
  "orderbi" : {
    "count" : 1,
    "tf" : 0.0015600624024961
  },
  "let" : {
    "count" : 3,
    "tf" : 0.0046801872074883
  },
  "you" : {
    "count" : 2,
    "tf" : 0.0031201248049922
  },
  "gener" : {
    "count" : 2,
    "tf" : 0.0031201248049922
  },
  "want" : {
    "count" : 1,
    "tf" : 0.0015600624024961
  },
  "embedd" : {
    "count" : 1,
    "tf" : 0.0015600624024961
  },
  "an" : {
    "count" : 5,
    "tf" : 0.0078003120124804995
  },
  "each" : {
    "count" : 1,
    "tf" : 0.0015600624024961
  },
  "accept" : {
    "count" : 1,
    "tf" : 0.0015600624024961
  },
  "str" : {
    "count" : 2,
    "tf" : 0.0031201248049922
  },
  "ar" : {
    "count" : 11,
    "tf" : 0.0171606864274571
  },
  "stor" : {
    "count" : 1,
    "tf" : 0.0015600624024961
  },
  "at" : {
    "count" : 1,
    "tf" : 0.0015600624024961
  },
  "predefin" : {
    "count" : 1,
    "tf" : 0.0015600624024961
  },
  "includ" : {
    "count" : 2,
    "tf" : 0.0031201248049922
  },
  "letter" : {
    "count" : 2,
    "tf" : 0.0031201248049922
  },
  "declar" : {
    "count" : 2,
    "tf" : 0.0031201248049922
  },
  "must" : {
    "count" : 2,
    "tf" : 0.0031201248049922
  },
  "detail" : {
    "count" : 1,
    "tf" : 0.0015600624024961
  },
  "unsaf" : {
    "count" : 1,
    "tf" : 0.0015600624024961
  },
  "programm" : {
    "count" : 3,
    "tf" : 0.0046801872074883
  },
  "acceptdetail" : {
    "count" : 3,
    "tf" : 0.0046801872074883
  },
  "object" : {
    "count" : 7,
    "tf" : 0.0109204368174727
  },
  "multilin" : {
    "count" : 1,
    "tf" : 0.0015600624024961
  },
  "volatil" : {
    "count" : 1,
    "tf" : 0.0015600624024961
  },
  "be" : {
    "count" : 6,
    "tf" : 0.0093603744149766
  },
  "languag" : {
    "count" : 2,
    "tf" : 0.0031201248049922
  },
  "global" : {
    "count" : 1,
    "tf" : 0.0015600624024961
  },
  "two" : {
    "count" : 1,
    "tf" : 0.0015600624024961
  },
  "long" : {
    "count" : 1,
    "tf" : 0.0015600624024961
  },
  "result" : {
    "count" : 1,
    "tf" : 0.0015600624024961
  },
  "into" : {
    "count" : 1,
    "tf" : 0.0015600624024961
  },
  "search" : {
    "count" : 1,
    "tf" : 0.0015600624024961
  },
  "default" : {
    "count" : 1,
    "tf" : 0.0015600624024961
  },
  "same" : {
    "count" : 3,
    "tf" : 0.0046801872074883
  },
  "by" : {
    "count" : 3,
    "tf" : 0.0046801872074883
  },
  "arg" : {
    "count" : 1,
    "tf" : 0.0015600624024961
  },
  "defin" : {
    "count" : 1,
    "tf" : 0.0015600624024961
  },
  "deleg" : {
    "count" : 1,
    "tf" : 0.0015600624024961
  },
  "typeof" : {
    "count" : 1,
    "tf" : 0.0015600624024961
  },
  "resourc" : {
    "count" : 1,
    "tf" : 0.0015600624024961
  },
  "a" : {
    "count" : 24,
    "tf" : 0.0374414976599064
  },
  "descend" : {
    "count" : 1,
    "tf" : 0.0015600624024961
  },
  "c" : {
    "count" : 16,
    "tf" : 0.0249609984399376
  },
  "set" : {
    "count" : 3,
    "tf" : 0.0046801872074883
  },
  "contain" : {
    "count" : 3,
    "tf" : 0.0046801872074883
  },
  "intern" : {
    "count" : 1,
    "tf" : 0.0015600624024961
  },
  "readonli" : {
    "count" : 1,
    "tf" : 0.0015600624024961
  },
  "i" : {
    "count" : 7,
    "tf" : 0.0109204368174727
  },
  "right" : {
    "count" : 1,
    "tf" : 0.0015600624024961
  },
  "sample" : {
    "count" : 1,
    "tf" : 0.0015600624024961
  },
  "the" : {
    "count" : 36,
    "tf" : 0.056162246489859596
  },
  "call" : {
    "count" : 2,
    "tf" : 0.0031201248049922
  },
  "single" : {
    "count" : 1,
    "tf" : 0.0015600624024961
  },
  "such" : {
    "count" : 3,
    "tf" : 0.0046801872074883
  },
  "r" : {
    "count" : 3,
    "tf" : 0.0046801872074883
  },
  "thi" : {
    "count" : 2,
    "tf" : 0.0031201248049922
  },
  "u" : {
    "count" : 2,
    "tf" : 0.0031201248049922
  },
  "throw" : {
    "count" : 1,
    "tf" : 0.0015600624024961
  },
  "remov" : {
    "count" : 1,
    "tf" : 0.0015600624024961
  },
  "oper" : {
    "count" : 1,
    "tf" : 0.0015600624024961
  },
  "to" : {
    "count" : 5,
    "tf" : 0.0078003120124804995
  },
  "demonstr" : {
    "count" : 1,
    "tf" : 0.0015600624024961
  },
  "discuss" : {
    "count" : 1,
    "tf" : 0.0015600624024961
  },
  "executerectangl" : {
    "count" : 2,
    "tf" : 0.0031201248049922
  },
  "symbol" : {
    "count" : 2,
    "tf" : 0.0031201248049922
  },
  "reserv" : {
    "count" : 4,
    "tf" : 0.0062402496099844
  },
  "contextu" : {
    "count" : 3,
    "tf" : 0.0046801872074883
  },
  "extern" : {
    "count" : 1,
    "tf" : 0.0015600624024961
  },
  "do" : {
    "count" : 1,
    "tf" : 0.0015600624024961
  },
  "specif" : {
    "count" : 1,
    "tf" : 0.0015600624024961
  },
  "ref" : {
    "count" : 1,
    "tf" : 0.0015600624024961
  },
  "implement" : {
    "count" : 1,
    "tf" : 0.0015600624024961
  },
  "keyword" : {
    "count" : 15,
    "tf" : 0.0234009360374415
  },
  "uncheck" : {
    "count" : 1,
    "tf" : 0.0015600624024961
  },
  "us" : {
    "count" : 15,
    "tf" : 0.0234009360374415
  },
  "advertis" : {
    "count" : 2,
    "tf" : 0.0031201248049922
  },
  "digit" : {
    "count" : 2,
    "tf" : 0.0031201248049922
  },
  "area" : {
    "count" : 3,
    "tf" : 0.0046801872074883
  },
  "add" : {
    "count" : 1,
    "tf" : 0.0015600624024961
  },
  "static" : {
    "count" : 2,
    "tf" : 0.0031201248049922
  },
  "check" : {
    "count" : 1,
    "tf" : 0.0015600624024961
  },
  "list" : {
    "count" : 1,
    "tf" : 0.0015600624024961
  },
  "look" : {
    "count" : 1,
    "tf" : 0.0015600624024961
  },
  "els" : {
    "count" : 1,
    "tf" : 0.0015600624024961
  },
  "alia" : {
    "count" : 1,
    "tf" : 0.0015600624024961
  },
  "take" : {
    "count" : 1,
    "tf" : 0.0015600624024961
  },
  "privat" : {
    "count" : 1,
    "tf" : 0.0015600624024961
  },
  "name" : {
    "count" : 2,
    "tf" : 0.0031201248049922
  },
  "final" : {
    "count" : 1,
    "tf" : 0.0015600624024961
  },
  "some" : {
    "count" : 1,
    "tf" : 0.0015600624024961
  },
  "virtual" : {
    "count" : 1,
    "tf" : 0.0015600624024961
  },
  "ascend" : {
    "count" : 1,
    "tf" : 0.0015600624024961
  },
  "bool" : {
    "count" : 1,
    "tf" : 0.0015600624024961
  },
  "const" : {
    "count" : 1,
    "tf" : 0.0015600624024961
  },
  "for" : {
    "count" : 9,
    "tf" : 0.014040561622464899
  },
  "rule" : {
    "count" : 1,
    "tf" : 0.0015600624024961
  },
  "not" : {
    "count" : 2,
    "tf" : 0.0031201248049922
  },
  "ulong" : {
    "count" : 1,
    "tf" : 0.0015600624024961
  },
  "param" : {
    "count" : 1,
    "tf" : 0.0015600624024961
  },
  "stackalloc" : {
    "count" : 1,
    "tf" : 0.0015600624024961
  },
  "statement" : {
    "count" : 3,
    "tf" : 0.0046801872074883
  },
  "end" : {
    "count" : 1,
    "tf" : 0.0015600624024961
  },
  "rectangleappl" : {
    "count" : 1,
    "tf" : 0.0015600624024961
  },
  "class" : {
    "count" : 19,
    "tf" : 0.029641185647425898
  },
  "modifi" : {
    "count" : 2,
    "tf" : 0.0031201248049922
  },
  "length" : {
    "count" : 8,
    "tf" : 0.0124804992199688
  },
  "start" : {
    "count" : 1,
    "tf" : 0.0015600624024961
  },
  "perform" : {
    "count" : 1,
    "tf" : 0.0015600624024961
  },
  "false" : {
    "count" : 1,
    "tf" : 0.0015600624024961
  },
  "howev" : {
    "count" : 2,
    "tf" : 0.0031201248049922
  },
  "way" : {
    "count" : 1,
    "tf" : 0.0015600624024961
  },
  "special" : {
    "count" : 1,
    "tf" : 0.0015600624024961
  },
  "with" : {
    "count" : 5,
    "tf" : 0.0078003120124804995
  },
  "syntax" : {
    "count" : 3,
    "tf" : 0.0046801872074883
  },
  "ha" : {
    "count" : 2,
    "tf" : 0.0031201248049922
  },
  "indicat" : {
    "count" : 1,
    "tf" : 0.0015600624024961
  },
  "short" : {
    "count" : 1,