{
  "been" : {
    "count" : 1,
    "tf" : 0.005208333333333333
  },
  "copyright" : {
    "count" : 1,
    "tf" : 0.005208333333333333
  },
  "select" : {
    "count" : 1,
    "tf" : 0.005208333333333333
  },
  "your" : {
    "count" : 2,
    "tf" : 0.010416666666666666
  },
  "program" : {
    "count" : 2,
    "tf" : 0.010416666666666666
  },
  "veri" : {
    "count" : 1,
    "tf" : 0.005208333333333333
  },
  "audienc" : {
    "count" : 1,
    "tf" : 0.005208333333333333
  },
  "corner" : {
    "count" : 1,
    "tf" : 0.005208333333333333
  },
  "bas" : {
    "count" : 1,
    "tf" : 0.005208333333333333
  },
  "if" : {
    "count" : 1,
    "tf" : 0.005208333333333333
  },
  "onlin" : {
    "count" : 1,
    "tf" : 0.005208333333333333
  },
  "you" : {
    "count" : 4,
    "tf" : 0.020833333333333332
  },
  "beginn" : {
    "count" : 1,
    "tf" : 0.005208333333333333
  },
  "helloworld" : {
    "count" : 1,
    "tf" : 0.005208333333333333
  },
  "in" : {
    "count" : 2,
    "tf" : 0.010416666666666666
  },
  "gener" : {
    "count" : 1,
    "tf" : 0.005208333333333333
  },
  "understand" : {
    "count" : 2,
    "tf" : 0.010416666666666666
  },
  "them" : {
    "count" : 1,
    "tf" : 0.005208333333333333
  },
  "it" : {
    "count" : 4,
    "tf" : 0.020833333333333332
  },
  "then" : {
    "count" : 1,
    "tf" : 0.005208333333333333
  },
  "str" : {
    "count" : 1,
    "tf" : 0.005208333333333333
  },
  "at" : {
    "count" : 2,
    "tf" : 0.010416666666666666
  },
  "system" : {
    "count" : 1,
    "tf" : 0.005208333333333333
  },
  "spot" : {
    "count" : 1,
    "tf" : 0.005208333333333333
  },
  "hello" : {
    "count" : 1,
    "tf" : 0.005208333333333333
  },
  "programm" : {
    "count" : 7,
    "tf" : 0.036458333333333336
  },
  "much" : {
    "count" : 1,
    "tf" : 0.005208333333333333
  },
  "object" : {
    "count" : 1,
    "tf" : 0.005208333333333333
  },
  "be" : {
    "count" : 1,
    "tf" : 0.005208333333333333
  },
  "languag" : {
    "count" : 3,
    "tf" : 0.015625
  },
  "enjoy" : {
    "count" : 1,
    "tf" : 0.005208333333333333
  },
  "ander" : {
    "count" : 1,
    "tf" : 0.005208333333333333
  },
  "search" : {
    "count" : 2,
    "tf" : 0.010416666666666666
  },
  "world" : {
    "count" : 1,
    "tf" : 0.005208333333333333
  },
  "modern" : {
    "count" : 1,
    "tf" : 0.005208333333333333
  },
  "top" : {
    "count" : 1,
    "tf" : 0.005208333333333333
  },
  "by" : {
    "count" : 2,
    "tf" : 0.010416666666666666
  },
  "arg" : {
    "count" : 1,
    "tf" : 0.005208333333333333
  },
  "have" : {
    "count" : 1,
    "tf" : 0.005208333333333333
  },
  "so" : {
    "count" : 2,
    "tf" : 0.010416666666666666
  },
  "resourc" : {
    "count" : 1,
    "tf" : 0.005208333333333333
  },
  "variou" : {
    "count" : 1,
    "tf" : 0.005208333333333333
  },
  "a" : {
    "count" : 2,
    "tf" : 0.010416666666666666
  },
  "avail" : {
    "count" : 1,
    "tf" : 0.005208333333333333
  },
  "c" : {
    "count" : 17,
    "tf" : 0.08854166666666667
  },
  "within" : {
    "count" : 1,
    "tf" : 0.005208333333333333
  },
  "learn" : {
    "count" : 2,
    "tf" : 0.010416666666666666
  },
  "helloworldappl" : {
    "count" : 1,
    "tf" : 0.005208333333333333
  },
  "i" : {
    "count" : 2,
    "tf" : 0.010416666666666666
  },
  "tutori" : {
    "count" : 6,
    "tf" : 0.03125
  },
  "right" : {
    "count" : 2,
    "tf" : 0.010416666666666666
  },
  "l" : {
    "count" : 1,
    "tf" : 0.005208333333333333
  },
  "sample" : {
    "count" : 1,
    "tf" : 0.005208333333333333
  },
  "the" : {
    "count" : 5,
    "tf" : 0.026041666666666668
  },
  "help" : {
    "count" : 1,
    "tf" : 0.005208333333333333
  },
  "thi" : {
    "count" : 4,
    "tf" : 0.020833333333333332
  },
  "exampl" : {
    "count" : 2,
    "tf" : 0.010416666666666666
  },
  "to" : {
    "count" : 4,
    "tf" : 0.020833333333333332
  },
  "advanc" : {
    "count" : 2,
    "tf" : 0.010416666666666666
  },
  "fun" : {
    "count" : 1,
    "tf" : 0.005208333333333333
  },
  "first" : {
    "count" : 1,
    "tf" : 0.005208333333333333
  },
  "through" : {
    "count" : 1,
    "tf" : 0.005208333333333333
  },
  "reserv" : {
    "count" : 1,
    "tf" : 0.005208333333333333
  },
  "namespac" : {
    "count" : 1,
    "tf" : 0.005208333333333333
  },
  "simple" : {
    "count" : 1,
    "tf" : 0.005208333333333333
  },
  "prepar" : {
    "count" : 1,
    "tf" : 0.005208333333333333
  },
  "main" : {
    "count" : 1,
    "tf" : 0.005208333333333333
  },
  "microsoft" : {
    "count" : 1,
    "tf" : 0.005208333333333333
  },
  "find" : {
    "count" : 1,
    "tf" : 0.005208333333333333
  },
  "net" : {
    "count" : 1,
    "tf" : 0.005208333333333333
  },
  "readkei" : {
    "count" : 1,
    "tf" : 0.005208333333333333
  },
  "us" : {
    "count" : 4,
    "tf" : 0.020833333333333332
  },
  "advertis" : {
    "count" : 1,
    "tf" : 0.005208333333333333
  },
  "all" : {
    "count" : 1,
    "tf" : 0.005208333333333333
  },
  "given" : {
    "count" : 1,
    "tf" : 0.005208333333333333
  },
  "initi" : {
    "count" : 1,
    "tf" : 0.005208333333333333
  },
  "read" : {
    "count" : 1,
    "tf" : 0.005208333333333333
  },
  "static" : {
    "count" : 1,
    "tf" : 0.005208333333333333
  },
  "void" : {
    "count" : 1,
    "tf" : 0.005208333333333333
  },
  "writelin" : {
    "count" : 1,
    "tf" : 0.005208333333333333
  },
  "orient" : {
    "count" : 1,
    "tf" : 0.005208333333333333
  },
  "below" : {
    "count" : 1,
    "tf" : 0.005208333333333333
  },
  "develop" : {
    "count" : 1,
    "tf" : 0.005208333333333333
  },
  "my" : {
    "count" : 1,
    "tf" : 0.005208333333333333
  },
  "most" : {
    "count" : 1,
    "tf" : 0.005208333333333333
  },
  "take" : {
    "count" : 1,
    "tf" : 0.005208333333333333
  },
  "try" : {
    "count" : 3,
    "tf" : 0.015625
  },
  "basic" : {
    "count" : 4,
    "tf" : 0.020833333333333332
  },
  "job" : {
    "count" : 1,
    "tf" : 0.005208333333333333
  },
  "option" : {
    "count" : 3,
    "tf" : 0.015625
  },
  "code" : {
    "count" : 1,
    "tf" : 0.005208333333333333
  },
  "concept" : {
    "count" : 1,
    "tf" : 0.005208333333333333
  },
  "for" : {
    "count" : 2,
    "tf" : 0.010416666666666666
  },
  "hejlsberg" : {
    "count" : 1,
    "tf" : 0.005208333333333333
  },
  "box" : {
    "count" : 1,
    "tf" : 0.005208333333333333
  },
  "execut" : {
    "count" : 2,
    "tf" : 0.010416666666666666
  },
  "and" : {
    "count" : 3,
    "tf" : 0.015625
  },
  "of" : {
    "count" : 4,
    "tf" : 0.020833333333333332
  },
  "prerequisit" : {
    "count" : 1,
    "tf" : 0.005208333333333333
  },
  "just" : {
    "count" : 1,
    "tf" : 0.005208333333333333
  },
  "make" : {
    "count" : 1,
    "tf" : 0.005208333333333333
  },
  "class" : {
    "count" : 1,
    "tf" : 0.005208333333333333
  },
  "on" : {
    "count" : 1,
    "tf" : 0.005208333333333333
  },
  "purpos" : {
    "count" : 1,
    "tf" : 0.005208333333333333
  },
  "or" : {
    "count" : 1,
    "tf" : 0.005208333333333333
  },
  "will" : {
    "count" : 4,
    "tf" : 0.020833333333333332
  },
  "teach" : {
    "count" : 1,
    "tf" : 0.005208333333333333
  },
  "also" : {
    "count" : 1,
    "tf" : 0.005208333333333333
  },
  "follow" : {
    "count" : 1,
    "tf" : 0.005208333333333333
  },
  "consol" : {
    "count" : 2,
    "tf" : 0.010416666666666666
  },
  "ha" : {
    "count" : 1,
    "tf" : 0.005208333333333333
  },
  "relat" : {
    "count" : 1,
    "tf" : 0.005208333333333333
  }
}