{
  "confid" : {
    "count" : 1,
    "tf" : 0.0019569471624266144
  },
  "been" : {
    "count" : 1,
    "tf" : 0.0019569471624266144
  },
  "your" : {
    "count" : 12,
    "tf" : 0.023483365949119372
  },
  "environ" : {
    "count" : 9,
    "tf" : 0.01761252446183953
  },
  "path" : {
    "count" : 10,
    "tf" : 0.019569471624266144
  },
  "java" : {
    "count" : 25,
    "tf" : 0.04892367906066536
  },
  "would" : {
    "count" : 1,
    "tf" : 0.0019569471624266144
  },
  "bas" : {
    "count" : 1,
    "tf" : 0.0019569471624266144
  },
  "onlin" : {
    "count" : 6,
    "tf" : 0.011741682974559686
  },
  "you" : {
    "count" : 19,
    "tf" : 0.03718199608610567
  },
  "eclips" : {
    "count" : 2,
    "tf" : 0.003913894324853229
  },
  "instruct" : {
    "count" : 1,
    "tf" : 0.0019569471624266144
  },
  "then" : {
    "count" : 3,
    "tf" : 0.005870841487279843
  },
  "version" : {
    "count" : 1,
    "tf" : 0.0019569471624266144
  },
  "click" : {
    "count" : 2,
    "tf" : 0.003913894324853229
  },
  "str" : {
    "count" : 1,
    "tf" : 0.0019569471624266144
  },
  "ar" : {
    "count" : 4,
    "tf" : 0.007827788649706457
  },
  "at" : {
    "count" : 2,
    "tf" : 0.003913894324853229
  },
  "programm" : {
    "count" : 2,
    "tf" : 0.003913894324853229
  },
  "object" : {
    "count" : 1,
    "tf" : 0.0019569471624266144
  },
  "chapter" : {
    "count" : 2,
    "tf" : 0.003913894324853229
  },
  "be" : {
    "count" : 3,
    "tf" : 0.005870841487279843
  },
  "solari" : {
    "count" : 1,
    "tf" : 0.0019569471624266144
  },
  "freebsd" : {
    "count" : 1,
    "tf" : 0.0019569471624266144
  },
  "document" : {
    "count" : 1,
    "tf" : 0.0019569471624266144
  },
  "languag" : {
    "count" : 1,
    "tf" : 0.0019569471624266144
  },
  "recommend" : {
    "count" : 1,
    "tf" : 0.0019569471624266144
  },
  "how" : {
    "count" : 2,
    "tf" : 0.003913894324853229
  },
  "search" : {
    "count" : 1,
    "tf" : 0.0019569471624266144
  },
  "se" : {
    "count" : 1,
    "tf" : 0.0019569471624266144
  },
  "current" : {
    "count" : 1,
    "tf" : 0.0019569471624266144
  },
  "aspect" : {
    "count" : 1,
    "tf" : 0.0019569471624266144
  },
  "arg" : {
    "count" : 1,
    "tf" : 0.0019569471624266144
  },
  "by" : {
    "count" : 1,
    "tf" : 0.0019569471624266144
  },
  "where" : {
    "count" : 1,
    "tf" : 0.0019569471624266144
  },
  "machin" : {
    "count" : 4,
    "tf" : 0.007827788649706457
  },
  "so" : {
    "count" : 3,
    "tf" : 0.005870841487279843
  },
  "free" : {
    "count" : 2,
    "tf" : 0.003913894324853229
  },
  "popular" : {
    "count" : 1,
    "tf" : 0.0019569471624266144
  },
  "resourc" : {
    "count" : 1,
    "tf" : 0.0019569471624266144
  },
  "a" : {
    "count" : 7,
    "tf" : 0.0136986301369863
  },
  "set" : {
    "count" : 7,
    "tf" : 0.0136986301369863
  },
  "c" : {
    "count" : 4,
    "tf" : 0.007827788649706457
  },
  "contain" : {
    "count" : 1,
    "tf" : 0.0019569471624266144
  },
  "learn" : {
    "count" : 1,
    "tf" : 0.0019569471624266144
  },
  "onc" : {
    "count" : 1,
    "tf" : 0.0019569471624266144
  },
  "sett" : {
    "count" : 3,
    "tf" : 0.005870841487279843
  },
  "i" : {
    "count" : 4,
    "tf" : 0.007827788649706457
  },
  "right" : {
    "count" : 3,
    "tf" : 0.005870841487279843
  },
  "freeli" : {
    "count" : 1,
    "tf" : 0.0019569471624266144
  },
  "the" : {
    "count" : 28,
    "tf" : 0.0547945205479452
  },
  "jdk" : {
    "count" : 2,
    "tf" : 0.003913894324853229
  },
  "thi" : {
    "count" : 5,
    "tf" : 0.009784735812133072
  },
  "to" : {
    "count" : 21,
    "tf" : 0.0410958904109589
  },
  "under" : {
    "count" : 1,
    "tf" : 0.0019569471624266144
  },
  "open" : {
    "count" : 2,
    "tf" : 0.003913894324853229
  },
  "discuss" : {
    "count" : 1,
    "tf" : 0.0019569471624266144
  },
  "but" : {
    "count" : 1,
    "tf" : 0.0019569471624266144
  },
  "correct" : {
    "count" : 1,
    "tf" : 0.0019569471624266144
  },
  "reserv" : {
    "count" : 1,
    "tf" : 0.0019569471624266144
  },
  "myfirstjavaprogram" : {
    "count" : 1,
    "tf" : 0.0019569471624266144
  },
  "run" : {
    "count" : 2,
    "tf" : 0.003913894324853229
  },
  "do" : {
    "count" : 1,
    "tf" : 0.0019569471624266144
  },
  "source" : {
    "count" : 2,
    "tf" : 0.003913894324853229
  },
  "up" : {
    "count" : 7,
    "tf" : 0.0136986301369863
  },
  "export" : {
    "count" : 1,
    "tf" : 0.0019569471624266144
  },
  "us" : {
    "count" : 5,
    "tf" : 0.009784735812133072
  },
  "advertis" : {
    "count" : 2,
    "tf" : 0.003913894324853229
  },
  "add" : {
    "count" : 1,
    "tf" : 0.0019569471624266144
  },
  "which" : {
    "count" : 1,
    "tf" : 0.0019569471624266144
  },
  "given" : {
    "count" : 1,
    "tf" : 0.0019569471624266144
  },
  "static" : {
    "count" : 1,
    "tf" : 0.0019569471624266144
  },
  "need" : {
    "count" : 1,
    "tf" : 0.0019569471624266144
  },
  "develop" : {
    "count" : 2,
    "tf" : 0.003913894324853229
  },
  "take" : {
    "count" : 1,
    "tf" : 0.0019569471624266144
  },
  "ex" : {
    "count" : 1,
    "tf" : 0.0019569471624266144
  },
  "shell" : {
    "count" : 2,
    "tf" : 0.003913894324853229
  },
  "next" : {
    "count" : 2,
    "tf" : 0.003913894324853229
  },
  "some" : {
    "count" : 1,
    "tf" : 0.0019569471624266144
  },
  "operat" : {
    "count" : 1,
    "tf" : 0.0019569471624266144
  },
  "bashrc" : {
    "count" : 1,
    "tf" : 0.0019569471624266144
  },
  "import" : {
    "count" : 1,
    "tf" : 0.0019569471624266144
  },
  "binari" : {
    "count" : 1,
    "tf" : 0.0019569471624266144
  },
  "for" : {
    "count" : 8,
    "tf" : 0.015655577299412915
  },
  "we" : {
    "count" : 2,
    "tf" : 0.003913894324853229
  },
  "button" : {
    "count" : 1,
    "tf" : 0.0019569471624266144
  },
  "comput" : {
    "count" : 1,
    "tf" : 0.0019569471624266144
  },
  "now" : {
    "count" : 2,
    "tf" : 0.003913894324853229
  },
  "linux" : {
    "count" : 1,
    "tf" : 0.0019569471624266144
  },
  "trouble" : {
    "count" : 1,
    "tf" : 0.0019569471624266144
  },
  "end" : {
    "count" : 1,
    "tf" : 0.0019569471624266144
  },
  "class" : {
    "count" : 1,
    "tf" : 0.0019569471624266144
  },
  "just" : {
    "count" : 1,
    "tf" : 0.0019569471624266144
  },
  "enabl" : {
    "count" : 1,
    "tf" : 0.0019569471624266144
  },
  "modifi" : {
    "count" : 1,
    "tf" : 0.0019569471624266144
  },
  "teach" : {
    "count" : 1,
    "tf" : 0.0019569471624266144
  },
  "with" : {
    "count" : 1,
    "tf" : 0.0019569471624266144
  },
  "what" : {
    "count" : 2,
    "tf" : 0.003913894324853229
  },
  "refer" : {
    "count" : 1,
    "tf" : 0.0019569471624266144
  },
  "there" : {
    "count" : 1,
    "tf" : 0.0019569471624266144
  },
  "setup" : {
    "count" : 2,
    "tf" : 0.003913894324853229
  },
  "syntax" : {
    "count" : 1,
    "tf" : 0.0019569471624266144
  },
  "step" : {
    "count" : 1,
    "tf" : 0.0019569471624266144
  },
  "bash" : {
    "count" : 1,
    "tf" : 0.0019569471624266144
  },
  "window" : {
    "count" : 4,
    "tf" : 0.007827788649706457
  },
  "directori" : {
    "count" : 2,
    "tf" : 0.003913894324853229
  },
  "copyright" : {
    "count" : 1,
    "tf" : 0.0019569471624266144
  },
  "select" : {
    "count" : 2,
    "tf" : 0.003913894324853229
  },
  "bin" : {
    "count" : 1,
    "tf" : 0.0019569471624266144
  },
  "properti" : {
    "count" : 1,
    "tf" : 0.0019569471624266144
  },
  "program" : {
    "count" : 5,
    "tf" : 0.009784735812133072
  },
  "corner" : {
    "count" : 1,
    "tf" : 0.0019569471624266144
  },
  "variabl" : {
    "count" : 4,
    "tf" : 0.007827788649706457
  },
  "netbean" : {
    "count" : 1,
    "tf" : 0.0019569471624266144
  },
  "text" : {
    "count" : 2,
    "tf" : 0.003913894324853229
  },
  "id" : {
    "count" : 3,
    "tf" : 0.005870841487279843
  },
  "if" : {
    "count" : 4,