{
  "been" : {
    "count" : 1,
    "tf" : 0.005050505050505051
  },
  "copyright" : {
    "count" : 1,
    "tf" : 0.005050505050505051
  },
  "select" : {
    "count" : 1,
    "tf" : 0.005050505050505051
  },
  "about" : {
    "count" : 1,
    "tf" : 0.005050505050505051
  },
  "complet" : {
    "count" : 1,
    "tf" : 0.005050505050505051
  },
  "program" : {
    "count" : 2,
    "tf" : 0.010101010101010102
  },
  "your" : {
    "count" : 2,
    "tf" : 0.010101010101010102
  },
  "type" : {
    "count" : 1,
    "tf" : 0.005050505050505051
  },
  "approach" : {
    "count" : 1,
    "tf" : 0.005050505050505051
  },
  "java" : {
    "count" : 12,
    "tf" : 0.06060606060606061
  },
  "audienc" : {
    "count" : 1,
    "tf" : 0.005050505050505051
  },
  "corner" : {
    "count" : 1,
    "tf" : 0.005050505050505051
  },
  "onlin" : {
    "count" : 1,
    "tf" : 0.005050505050505051
  },
  "you" : {
    "count" : 5,
    "tf" : 0.025252525252525252
  },
  "beginn" : {
    "count" : 1,
    "tf" : 0.005050505050505051
  },
  "give" : {
    "count" : 1,
    "tf" : 0.005050505050505051
  },
  "in" : {
    "count" : 3,
    "tf" : 0.015151515151515152
  },
  "varieti" : {
    "count" : 1,
    "tf" : 0.005050505050505051
  },
  "understand" : {
    "count" : 2,
    "tf" : 0.010101010101010102
  },
  "them" : {
    "count" : 1,
    "tf" : 0.005050505050505051
  },
  "it" : {
    "count" : 2,
    "tf" : 0.010101010101010102
  },
  "version" : {
    "count" : 1,
    "tf" : 0.005050505050505051
  },
  "str" : {
    "count" : 1,
    "tf" : 0.005050505050505051
  },
  "ar" : {
    "count" : 1,
    "tf" : 0.005050505050505051
  },
  "befor" : {
    "count" : 1,
    "tf" : 0.005050505050505051
  },
  "at" : {
    "count" : 2,
    "tf" : 0.010101010101010102
  },
  "system" : {
    "count" : 1,
    "tf" : 0.005050505050505051
  },
  "spot" : {
    "count" : 1,
    "tf" : 0.005050505050505051
  },
  "hello" : {
    "count" : 1,
    "tf" : 0.005050505050505051
  },
  "programm" : {
    "count" : 4,
    "tf" : 0.020202020202020204
  },
  "object" : {
    "count" : 1,
    "tf" : 0.005050505050505051
  },
  "languag" : {
    "count" : 4,
    "tf" : 0.020202020202020204
  },
  "enjoy" : {
    "count" : 1,
    "tf" : 0.005050505050505051
  },
  "sun" : {
    "count" : 1,
    "tf" : 0.005050505050505051
  },
  "mac" : {
    "count" : 1,
    "tf" : 0.005050505050505051
  },
  "out" : {
    "count" : 1,
    "tf" : 0.005050505050505051
  },
  "search" : {
    "count" : 2,
    "tf" : 0.010101010101010102
  },
  "world" : {
    "count" : 1,
    "tf" : 0.005050505050505051
  },
  "releas" : {
    "count" : 1,
    "tf" : 0.005050505050505051
  },
  "top" : {
    "count" : 1,
    "tf" : 0.005050505050505051
  },
  "assum" : {
    "count" : 1,
    "tf" : 0.005050505050505051
  },
  "by" : {
    "count" : 1,
    "tf" : 0.005050505050505051
  },
  "arg" : {
    "count" : 1,
    "tf" : 0.005050505050505051
  },
  "resourc" : {
    "count" : 1,
    "tf" : 0.005050505050505051
  },
  "variou" : {
    "count" : 2,
    "tf" : 0.010101010101010102
  },
  "a" : {
    "count" : 5,
    "tf" : 0.025252525252525252
  },
  "avail" : {
    "count" : 1,
    "tf" : 0.005050505050505051
  },
  "learn" : {
    "count" : 2,
    "tf" : 0.010101010101010102
  },
  "i" : {
    "count" : 1,
    "tf" : 0.005050505050505051
  },
  "tutori" : {
    "count" : 5,
    "tf" : 0.025252525252525252
  },
  "right" : {
    "count" : 2,
    "tf" : 0.010101010101010102
  },
  "sample" : {
    "count" : 1,
    "tf" : 0.005050505050505051
  },
  "o" : {
    "count" : 1,
    "tf" : 0.005050505050505051
  },
  "the" : {
    "count" : 9,
    "tf" : 0.045454545454545456
  },
  "such" : {
    "count" : 1,
    "tf" : 0.005050505050505051
  },
  "help" : {
    "count" : 1,
    "tf" : 0.005050505050505051
  },
  "thi" : {
    "count" : 5,
    "tf" : 0.025252525252525252
  },
  "exampl" : {
    "count" : 3,
    "tf" : 0.015151515151515152
  },
  "to" : {
    "count" : 4,
    "tf" : 0.020202020202020204
  },
  "advanc" : {
    "count" : 2,
    "tf" : 0.010101010101010102
  },
  "through" : {
    "count" : 1,
    "tf" : 0.005050505050505051
  },
  "reserv" : {
    "count" : 1,
    "tf" : 0.005050505050505051
  },
  "run" : {
    "count" : 1,
    "tf" : 0.005050505050505051
  },
  "simple" : {
    "count" : 1,
    "tf" : 0.005050505050505051
  },
  "prepar" : {
    "count" : 1,
    "tf" : 0.005050505050505051
  },
  "myfirstjavaprogram" : {
    "count" : 1,
    "tf" : 0.005050505050505051
  },
  "main" : {
    "count" : 1,
    "tf" : 0.005050505050505051
  },
  "while" : {
    "count" : 1,
    "tf" : 0.005050505050505051
  },
  "that" : {
    "count" : 1,
    "tf" : 0.005050505050505051
  },
  "high" : {
    "count" : 1,
    "tf" : 0.005050505050505051
  },
  "find" : {
    "count" : 1,
    "tf" : 0.005050505050505051
  },
  "us" : {
    "count" : 3,
    "tf" : 0.015151515151515152
  },
  "advertis" : {
    "count" : 1,
    "tf" : 0.005050505050505051
  },
  "which" : {
    "count" : 1,
    "tf" : 0.005050505050505051
  },
  "all" : {
    "count" : 1,
    "tf" : 0.005050505050505051
  },
  "given" : {
    "count" : 2,
    "tf" : 0.010101010101010102
  },
  "practic" : {
    "count" : 2,
    "tf" : 0.010101010101010102
  },
  "read" : {
    "count" : 1,
    "tf" : 0.005050505050505051
  },
  "static" : {
    "count" : 1,
    "tf" : 0.005050505050505051
  },
  "void" : {
    "count" : 1,
    "tf" : 0.005050505050505051
  },
  "orient" : {
    "count" : 1,
    "tf" : 0.005050505050505051
  },
  "level" : {
    "count" : 1,
    "tf" : 0.005050505050505051
  },
  "develop" : {
    "count" : 1,
    "tf" : 0.005050505050505051
  },
  "most" : {
    "count" : 1,
    "tf" : 0.005050505050505051
  },
  "take" : {
    "count" : 1,
    "tf" : 0.005050505050505051
  },
  "alreadi" : {
    "count" : 1,
    "tf" : 0.005050505050505051
  },
  "try" : {
    "count" : 3,
    "tf" : 0.015151515151515152
  },
  "job" : {
    "count" : 1,
    "tf" : 0.005050505050505051
  },
  "basic" : {
    "count" : 1,
    "tf" : 0.005050505050505051
  },
  "unix" : {
    "count" : 1,
    "tf" : 0.005050505050505051
  },
  "option" : {
    "count" : 2,
    "tf" : 0.010101010101010102
  },
  "code" : {
    "count" : 1,
    "tf" : 0.005050505050505051
  },
  "origin" : {
    "count" : 1,
    "tf" : 0.005050505050505051
  },
  "concept" : {
    "count" : 1,
    "tf" : 0.005050505050505051
  },
  "for" : {
    "count" : 2,
    "tf" : 0.010101010101010102
  },
  "awar" : {
    "count" : 1,
    "tf" : 0.005050505050505051
  },
  "box" : {
    "count" : 1,
    "tf" : 0.005050505050505051
  },
  "platform" : {
    "count" : 1,
    "tf" : 0.005050505050505051
  },
  "we" : {
    "count" : 1,
    "tf" : 0.005050505050505051
  },
  "comput" : {
    "count" : 2,
    "tf" : 0.010101010101010102
  },
  "can" : {
    "count" : 1,
    "tf" : 0.005050505050505051
  },
  "println" : {
    "count" : 1,
    "tf" : 0.005050505050505051
  },
  "execut" : {
    "count" : 2,
    "tf" : 0.010101010101010102
  },
  "public" : {
    "count" : 2,
    "tf" : 0.010101010101010102
  },
  "and" : {
    "count" : 5,
    "tf" : 0.025252525252525252
  },
  "of" : {
    "count" : 6,
    "tf" : 0.030303030303030304
  },
  "prerequisit" : {
    "count" : 1,
    "tf" : 0.005050505050505051
  },
  "class" : {
    "count" : 1,
    "tf" : 0.005050505050505051
  },
  "microsystem" : {
    "count" : 1,
    "tf" : 0.005050505050505051
  },
  "on" : {
    "count" : 1,
    "tf" : 0.005050505050505051
  },
  "will" : {
    "count" : 2,
    "tf" : 0.010101010101010102
  },
  "start" : {
    "count" : 1,
    "tf" : 0.005050505050505051
  },
  "follow" : {
    "count" : 2,
    "tf" : 0.010101010101010102
  },
  "refer" : {
    "count" : 2,
    "tf" : 0.010101010101010102
  },
  "ha" : {
    "count" : 1,
    "tf" : 0.005050505050505051
  },
  "relat" : {
    "count" : 1,
    "tf" : 0.005050505050505051
  },
  "window" : {
    "count" : 1,
    "tf" : 0.005050505050505051
  }
}