{
  "quick" : {
    "count" : 1,
    "tf" : 0.020833333333333332
  },
  "copyright" : {
    "count" : 1,
    "tf" : 0.020833333333333332
  },
  "select" : {
    "count" : 1,
    "tf" : 0.020833333333333332
  },
  "websit" : {
    "count" : 1,
    "tf" : 0.020833333333333332
  },
  "reserv" : {
    "count" : 1,
    "tf" : 0.020833333333333332
  },
  "about" : {
    "count" : 1,
    "tf" : 0.020833333333333332
  },
  "link" : {
    "count" : 1,
    "tf" : 0.020833333333333332
  },
  "madhapur" : {
    "count" : 1,
    "tf" : 0.020833333333333332
  },
  "mobil" : {
    "count" : 1,
    "tf" : 0.020833333333333332
  },
  "search" : {
    "count" : 1,
    "tf" : 0.020833333333333332
  },
  "bank" : {
    "count" : 1,
    "tf" : 0.020833333333333332
  },
  "hyderabad" : {
    "count" : 1,
    "tf" : 0.020833333333333332
  },
  "and" : {
    "count" : 2,
    "tf" : 0.041666666666666664
  },
  "extra" : {
    "count" : 2,
    "tf" : 0.041666666666666664
  },
  "contact" : {
    "count" : 1,
    "tf" : 0.020833333333333332
  },
  "floor" : {
    "count" : 1,
    "tf" : 0.020833333333333332
  },
  "onlin" : {
    "count" : 4,
    "tf" : 0.08333333333333333
  },
  "email" : {
    "count" : 1,
    "tf" : 0.020833333333333332
  },
  "all" : {
    "count" : 1,
    "tf" : 0.020833333333333332
  },
  "read" : {
    "count" : 1,
    "tf" : 0.020833333333333332
  },
  "address" : {
    "count" : 1,
    "tf" : 0.020833333333333332
  },
  "question" : {
    "count" : 3,
    "tf" : 0.0625
  },
  "test" : {
    "count" : 4,
    "tf" : 0.08333333333333333
  },
  "telangana" : {
    "count" : 1,
    "tf" : 0.020833333333333332
  },
  "right" : {
    "count" : 1,
    "tf" : 0.020833333333333332
  },
  "celestia" : {
    "count" : 1,
    "tf" : 0.020833333333333332
  },
  "rd" : {
    "count" : 1,
    "tf" : 0.020833333333333332
  },
  "answer" : {
    "count" : 1,
    "tf" : 0.020833333333333332
  },
  "quizze" : {
    "count" : 2,
    "tf" : 0.041666666666666664
  },
  "u" : {
    "count" : 2,
    "tf" : 0.041666666666666664
  },
  "mock" : {
    "count" : 2,
    "tf" : 0.041666666666666664
  },
  "jyoti" : {
    "count" : 1,
    "tf" : 0.020833333333333332
  },
  "interview" : {
    "count" : 2,
    "tf" : 0.041666666666666664
  },
  "first" : {
    "count" : 1,
    "tf" : 0.020833333333333332
  }
}